79;1;84000;Conny;Shorey;Corkery Group;aggregate mission-critical synergies
286;1;87000;Sayer;Davidove;Corkery Group;aggregate mission-critical synergies
324;1;22000;Charley;Marjoribanks;Corkery Group;aggregate mission-critical synergies
404;1;79000;Zuzana;Collcott;Corkery Group;aggregate mission-critical synergies
652;1;59000;Tana;Haggath;Corkery Group;aggregate mission-critical synergies
126;2;99000;Adoree;Mattiato;Sawayn-Konopelski;synthesize killer functionalities
105;2;57000;Adair;Ridesdale;Sawayn-Konopelski;synthesize killer functionalities
262;2;43000;Stace;Brassill;Sawayn-Konopelski;synthesize killer functionalities
457;2;16000;Candace;Seifenmacher;Sawayn-Konopelski;synthesize killer functionalities
690;2;70000;Rae;Collabine;Sawayn-Konopelski;synthesize killer functionalities
797;2;54000;Kare;Paul;Sawayn-Konopelski;synthesize killer functionalities
802;2;25000;Chanda;Madden;Sawayn-Konopelski;synthesize killer functionalities
980;2;69000;Chance;Circuit;Sawayn-Konopelski;synthesize killer functionalities
450;3;21000;Cosette;Santen;Schneider, Dickinson and Vandervort;matrix bricks-and-clicks networks
517;3;62000;King;McVaugh;Schneider, Dickinson and Vandervort;matrix bricks-and-clicks networks
167;4;13000;Ilysa;Eldred;Orn, Cremin and Larson;deliver end-to-end models
390;4;34000;Korry;Depport;Orn, Cremin and Larson;deliver end-to-end models
447;4;21000;Ramon;Ronisch;Orn, Cremin and Larson;deliver end-to-end models
454;4;30000;Maurene;Leckey;Orn, Cremin and Larson;deliver end-to-end models
606;4;45000;Ira;Paula;Orn, Cremin and Larson;deliver end-to-end models
791;4;97000;Etheline;Lassell;Orn, Cremin and Larson;deliver end-to-end models
223;5;61000;Leta;Whitland;Walker-Maggio;embrace sticky initiatives
458;5;99000;Washington;Howels;Walker-Maggio;embrace sticky initiatives
124;6;65000;Fifi;Holligan;Champlin, Wilderman and Bechtelar;productize proactive schemas
157;6;48000;Abie;Ricciardo;Champlin, Wilderman and Bechtelar;productize proactive schemas
177;6;27000;Sinclare;Kellick;Champlin, Wilderman and Bechtelar;productize proactive schemas
424;6;78000;Westleigh;Lepick;Champlin, Wilderman and Bechtelar;productize proactive schemas
670;6;21000;Say;Dionsetto;Champlin, Wilderman and Bechtelar;productize proactive schemas
728;6;60000;Kenny;Kryszkiecicz;Champlin, Wilderman and Bechtelar;productize proactive schemas
16;7;80000;Paige;O'Dougherty;Brekke and Sons;reintermediate B2B web-readiness
215;7;72000;Ronnica;Throssell;Brekke and Sons;reintermediate B2B web-readiness
426;7;32000;Dari;Awty;Brekke and Sons;reintermediate B2B web-readiness
713;7;64000;Gunther;Clorley;Brekke and Sons;reintermediate B2B web-readiness
194;8;16000;Sergeant;Ivison;Hessel LLC;enhance efficient eyeballs
318;8;19000;Hayley;Purdie;Hessel LLC;enhance efficient eyeballs
374;8;61000;Gabbey;Paulson;Hessel LLC;enhance efficient eyeballs
553;8;52000;Liza;Crowdace;Hessel LLC;enhance efficient eyeballs
578;8;21000;Hoebart;Crutchley;Hessel LLC;enhance efficient eyeballs
879;8;72000;Ginni;Quiddihy;Hessel LLC;enhance efficient eyeballs
925;8;21000;Hally;Curman;Hessel LLC;enhance efficient eyeballs
922;8;53000;Ollie;Wintringham;Hessel LLC;enhance efficient eyeballs
963;8;17000;Linell;Haker;Hessel LLC;enhance efficient eyeballs
976;8;39000;Ashely;Vignal;Hessel LLC;enhance efficient eyeballs
326;9;14000;Lauretta;Lantaph;Sporer Group;reinvent leading-edge channels
539;9;69000;Naoma;Grishenkov;Sporer Group;reinvent leading-edge channels
602;9;77000;Emmet;Didsbury;Sporer Group;reinvent leading-edge channels
591;9;96000;Berta;Gammons;Sporer Group;reinvent leading-edge channels
811;9;92000;Allistir;Kinig;Sporer Group;reinvent leading-edge channels
858;9;30000;Neils;McIan;Sporer Group;reinvent leading-edge channels
67;10;83000;Sayre;Kubacki;Denesik LLC;grow viral synergies
149;10;96000;Nady;Carnaman;Denesik LLC;grow viral synergies
256;10;79000;Alwin;Lowerson;Denesik LLC;grow viral synergies
559;10;49000;Margret;Ricca;Denesik LLC;grow viral synergies
838;10;62000;Ellissa;Garnson;Denesik LLC;grow viral synergies
874;10;90000;Bing;Vuitton;Denesik LLC;grow viral synergies
102;11;29000;Cecil;Upjohn;Donnelly-Effertz;orchestrate vertical portals
169;11;19000;Cobbie;Aicken;Donnelly-Effertz;orchestrate vertical portals
498;11;44000;Pamella;Stonehouse;Donnelly-Effertz;orchestrate vertical portals
556;11;48000;Vannie;Kinder;Donnelly-Effertz;orchestrate vertical portals
588;11;29000;Nobie;Siviter;Donnelly-Effertz;orchestrate vertical portals
709;11;83000;Dimitri;McLay;Donnelly-Effertz;orchestrate vertical portals
768;11;88000;Sigfrid;Tax;Donnelly-Effertz;orchestrate vertical portals
984;11;86000;Ossie;Deport;Donnelly-Effertz;orchestrate vertical portals
998;11;54000;Gaylord;Casaccio;Donnelly-Effertz;orchestrate vertical portals
935;12;25000;Torrin;Mark;Yost, Ritchie and Predovic;extend strategic eyeballs
291;13;16000;Levon;Twyford;Smitham, Schimmel and Hilll;repurpose intuitive communities
715;13;51000;Keefe;Terbrugge;Smitham, Schimmel and Hilll;repurpose intuitive communities
772;13;10000;Alaine;Watkiss;Smitham, Schimmel and Hilll;repurpose intuitive communities
884;13;83000;Finn;Strawbridge;Smitham, Schimmel and Hilll;repurpose intuitive communities
72;14;95000;Rudy;Eads;Mayer, Ritchie and DuBuque;deliver best-of-breed metrics
151;14;16000;Wang;Mennear;Mayer, Ritchie and DuBuque;deliver best-of-breed metrics
355;14;64000;Kayle;Reavey;Mayer, Ritchie and DuBuque;deliver best-of-breed metrics
459;14;97000;Alane;Delieu;Mayer, Ritchie and DuBuque;deliver best-of-breed metrics
582;14;26000;Salaidh;Redwin;Mayer, Ritchie and DuBuque;deliver best-of-breed metrics
99;15;64000;Isak;Fairbairn;Balistreri-Blanda;scale back-end convergence
108;15;37000;Nana;Coultar;Balistreri-Blanda;scale back-end convergence
490;15;79000;Crissy;Bouchard;Balistreri-Blanda;scale back-end convergence
547;15;59000;Luce;Smolan;Balistreri-Blanda;scale back-end convergence
672;15;90000;Tobit;Rosen;Balistreri-Blanda;scale back-end convergence
734;15;17000;Igor;Blackshaw;Balistreri-Blanda;scale back-end convergence
832;15;34000;Cristiano;Coalburn;Balistreri-Blanda;scale back-end convergence
63;16;80000;Gavin;Pirouet;Lebsack and Sons;aggregate impactful niches
56;16;62000;Dawna;Cleve;Lebsack and Sons;aggregate impactful niches
154;16;96000;Berty;Nathon;Lebsack and Sons;aggregate impactful niches
405;16;12000;Ely;Zamboniari;Lebsack and Sons;aggregate impactful niches
408;16;34000;Sunny;Skillicorn;Lebsack and Sons;aggregate impactful niches
532;16;77000;Baillie;Ripping;Lebsack and Sons;aggregate impactful niches
607;16;10000;Emilie;Brigstock;Lebsack and Sons;aggregate impactful niches
14;17;38000;Nathanael;Foxhall;Kling, Greenholt and Fritsch;generate clicks-and-mortar paradigms
211;17;75000;Glendon;Tourot;Kling, Greenholt and Fritsch;generate clicks-and-mortar paradigms
244;17;73000;Maggie;Monnelly;Kling, Greenholt and Fritsch;generate clicks-and-mortar paradigms
448;17;70000;Darsey;Gummary;Kling, Greenholt and Fritsch;generate clicks-and-mortar paradigms
671;17;86000;Bink;Linfitt;Kling, Greenholt and Fritsch;generate clicks-and-mortar paradigms
864;17;97000;Sullivan;Kensitt;Kling, Greenholt and Fritsch;generate clicks-and-mortar paradigms
867;17;98000;Adolphe;Havill;Kling, Greenholt and Fritsch;generate clicks-and-mortar paradigms
9;18;73000;Trescha;Durbridge;Haag, Conn and Heller;synergize scalable solutions
224;18;21000;Laureen;Tomsen;Haag, Conn and Heller;synergize scalable solutions
199;18;30000;Trev;De Angelo;Haag, Conn and Heller;synergize scalable solutions
343;18;77000;Kaile;Klaas;Haag, Conn and Heller;synergize scalable solutions
570;18;52000;Oswald;Heino;Haag, Conn and Heller;synergize scalable solutions
705;18;30000;Karleen;Tapin;Haag, Conn and Heller;synergize scalable solutions
283;19;34000;Burch;Perrett;Russel-Boyer;recontextualize scalable supply-chains
381;19;56000;Jordan;Matheson;Russel-Boyer;recontextualize scalable supply-chains
508;19;76000;Roy;Pitbladdo;Russel-Boyer;recontextualize scalable supply-chains
534;19;93000;Damian;Joyce;Russel-Boyer;recontextualize scalable supply-chains
683;19;54000;Lyell;Bickardike;Russel-Boyer;recontextualize scalable supply-chains
883;19;51000;Drona;Cissell;Russel-Boyer;recontextualize scalable supply-chains
403;20;59000;Gualterio;Doxey;Powlowski Group;revolutionize proactive functionalities
886;20;66000;Kevin;Jelleman;Powlowski Group;revolutionize proactive functionalities
876;20;58000;Devan;Helsby;Powlowski Group;revolutionize proactive functionalities
907;20;97000;Milly;Joselevitch;Powlowski Group;revolutionize proactive functionalities
214;21;40000;Renado;Beurich;Witting LLC;grow robust interfaces
289;21;61000;Kimbra;Piche;Witting LLC;grow robust interfaces
50;22;66000;Freddie;Comello;Von-Morissette;whiteboard 24/7 web-readiness
383;22;27000;Tamiko;Jenno;Von-Morissette;whiteboard 24/7 web-readiness
821;22;60000;Gian;Marwood;Von-Morissette;whiteboard 24/7 web-readiness
906;22;28000;Arleen;Mourant;Von-Morissette;whiteboard 24/7 web-readiness
933;22;56000;Maje;Beggs;Von-Morissette;whiteboard 24/7 web-readiness
45;23;10000;Daniella;Havik;Kilback-Bosco;engineer intuitive content
401;23;99000;Ladonna;Tschirschky;Kilback-Bosco;engineer intuitive content
701;23;55000;Dulcinea;Scranny;Kilback-Bosco;engineer intuitive content
716;23;65000;Ravi;Vearncombe;Kilback-Bosco;engineer intuitive content
918;23;18000;Claudetta;Bletso;Kilback-Bosco;engineer intuitive content
119;24;69000;Merrill;Chessman;Wilkinson Inc;evolve cross-media e-tailers
240;24;18000;Miquela;Terzza;Wilkinson Inc;evolve cross-media e-tailers
258;24;22000;Chastity;Woodyer;Wilkinson Inc;evolve cross-media e-tailers
362;24;39000;Odette;Saltrese;Wilkinson Inc;evolve cross-media e-tailers
869;24;98000;Lena;Dutt;Wilkinson Inc;evolve cross-media e-tailers
281;25;81000;Stanwood;Tomsen;Sawayn, Torphy and VonRueden;recontextualize cross-platform partnerships
509;25;50000;Wilfrid;Goslin;Sawayn, Torphy and VonRueden;recontextualize cross-platform partnerships
655;25;41000;Birdie;Swanton;Sawayn, Torphy and VonRueden;recontextualize cross-platform partnerships
814;25;86000;Thorny;Alleyn;Sawayn, Torphy and VonRueden;recontextualize cross-platform partnerships
137;26;64000;Christiano;Davidovsky;Legros-Nienow;optimize world-class e-business
277;26;20000;Marcellus;Grubey;Legros-Nienow;optimize world-class e-business
503;26;50000;Halsey;Gandley;Legros-Nienow;optimize world-class e-business
548;26;50000;Ab;Held;Legros-Nienow;optimize world-class e-business
625;26;92000;Kingsly;Lightollers;Legros-Nienow;optimize world-class e-business
803;26;61000;Skipp;Stooke;Legros-Nienow;optimize world-class e-business
139;27;66000;Kaia;Learned;Murray Group;target turn-key action-items
233;27;31000;Fiann;Kleewein;Murray Group;target turn-key action-items
305;27;89000;Barbey;Stothert;Murray Group;target turn-key action-items
397;27;25000;Leanna;Isted;Murray Group;target turn-key action-items
628;27;67000;Thibaut;O'Hagirtie;Murray Group;target turn-key action-items
763;27;86000;Tiphany;Nise;Murray Group;target turn-key action-items
993;27;39000;Noland;Schistl;Murray Group;target turn-key action-items
168;28;31000;Morie;Alderson;Gottlieb Inc;empower sexy convergence
285;28;72000;Allen;Deerness;Gottlieb Inc;empower sexy convergence
349;28;20000;Harry;Pittoli;Gottlieb Inc;empower sexy convergence
462;28;24000;Zola;Cheale;Gottlieb Inc;empower sexy convergence
676;28;47000;Verina;Culver;Gottlieb Inc;empower sexy convergence
789;28;79000;Carina;Brandsma;Gottlieb Inc;empower sexy convergence
352;29;31000;Mason;Spieck;Miller-Goyette;innovate leading-edge vortals
491;29;26000;Ives;Medley;Miller-Goyette;innovate leading-edge vortals
666;29;71000;Zachary;Hopfner;Miller-Goyette;innovate leading-edge vortals
687;29;21000;Deny;Organ;Miller-Goyette;innovate leading-edge vortals
881;29;67000;Sarita;Blumsom;Miller-Goyette;innovate leading-edge vortals
896;29;77000;Pacorro;Greenway;Miller-Goyette;innovate leading-edge vortals
880;29;37000;Clementia;Bernardelli;Miller-Goyette;innovate leading-edge vortals
958;29;95000;Mufi;Van der Kruis;Miller-Goyette;innovate leading-edge vortals
141;30;96000;Annetta;Maud;Kuhic-Gibson;maximize value-added e-business
418;30;57000;Della;Bartot;Kuhic-Gibson;maximize value-added e-business
510;30;18000;Xenia;Astlatt;Kuhic-Gibson;maximize value-added e-business
994;30;46000;Letisha;Saunder;Kuhic-Gibson;maximize value-added e-business
325;31;19000;Johann;Martschke;Leannon-Cronin;incubate interactive solutions
13;32;47000;Luella;Tinsey;Hand-Balistreri;implement enterprise channels
469;32;70000;Sybila;Tozer;Hand-Balistreri;implement enterprise channels
646;32;11000;Renard;Mellenby;Hand-Balistreri;implement enterprise channels
677;32;39000;Willy;Maddicks;Hand-Balistreri;implement enterprise channels
29;33;25000;Gaultiero;Arbor;Ledner Group;benchmark customized experiences
35;33;85000;Nessie;Hardwidge;Ledner Group;benchmark customized experiences
145;33;85000;Tanner;Bellie;Ledner Group;benchmark customized experiences
185;33;91000;Elene;Vannikov;Ledner Group;benchmark customized experiences
331;33;67000;Nichol;Abrahamian;Ledner Group;benchmark customized experiences
400;33;93000;Opalina;Merveille;Ledner Group;benchmark customized experiences
659;33;10000;Davey;McVitty;Ledner Group;benchmark customized experiences
766;33;60000;Rab;Conechie;Ledner Group;benchmark customized experiences
762;33;55000;Tallou;Rens;Ledner Group;benchmark customized experiences
915;33;44000;Tiffi;Iggalden;Ledner Group;benchmark customized experiences
96;34;90000;Caryl;Gale;Pouros-Hintz;envisioneer revolutionary mindshare
106;34;47000;Cristine;Kamall;Pouros-Hintz;envisioneer revolutionary mindshare
229;34;13000;Fletcher;Baitey;Pouros-Hintz;envisioneer revolutionary mindshare
422;34;99000;Britt;Goodday;Pouros-Hintz;envisioneer revolutionary mindshare
452;34;29000;Sansone;Aksell;Pouros-Hintz;envisioneer revolutionary mindshare
492;34;11000;Hailee;Pinnegar;Pouros-Hintz;envisioneer revolutionary mindshare
573;34;76000;Lina;Hebbes;Pouros-Hintz;envisioneer revolutionary mindshare
580;34;60000;Cherise;Luc;Pouros-Hintz;envisioneer revolutionary mindshare
856;34;37000;Rikki;Ellph;Pouros-Hintz;envisioneer revolutionary mindshare
847;34;31000;Panchito;Moyle;Pouros-Hintz;envisioneer revolutionary mindshare
371;35;39000;Pearla;Chattey;Mills-Goyette;iterate holistic markets
368;35;28000;Odilia;Haylor;Mills-Goyette;iterate holistic markets
745;35;92000;Belia;Surcombe;Mills-Goyette;iterate holistic markets
619;36;80000;Leese;Dwyr;Heidenreich-O'Conner;iterate B2C infomediaries
691;36;55000;Benjamen;Kindell;Heidenreich-O'Conner;iterate B2C infomediaries
863;36;31000;Alla;Gillie;Heidenreich-O'Conner;iterate B2C infomediaries
251;37;65000;Janetta;Chown;Goldner LLC;whiteboard enterprise bandwidth
78;38;55000;Olia;Stillert;Stark LLC;envisioneer killer systems
101;38;49000;Cirillo;Shine;Stark LLC;envisioneer killer systems
146;38;52000;Marina;Quickfall;Stark LLC;envisioneer killer systems
252;38;88000;Nissa;Rubinshtein;Stark LLC;envisioneer killer systems
296;38;59000;Rodge;Tibald;Stark LLC;envisioneer killer systems
344;38;82000;Stephanus;Gilligan;Stark LLC;envisioneer killer systems
412;38;94000;Rafael;Gerin;Stark LLC;envisioneer killer systems
707;38;77000;Wendi;Fenne;Stark LLC;envisioneer killer systems
313;39;64000;April;Cucuzza;Koepp-Medhurst;reinvent plug-and-play niches
384;39;73000;Ebba;Balogun;Koepp-Medhurst;reinvent plug-and-play niches
376;39;60000;Ondrea;Shoppee;Koepp-Medhurst;reinvent plug-and-play niches
380;39;83000;Nannie;Pauluzzi;Koepp-Medhurst;reinvent plug-and-play niches
544;39;54000;Emory;Rao;Koepp-Medhurst;reinvent plug-and-play niches
810;39;55000;Harald;Giacobo;Koepp-Medhurst;reinvent plug-and-play niches
940;39;11000;Irving;Cortin;Koepp-Medhurst;reinvent plug-and-play niches
129;40;34000;Jaclyn;Petroselli;Bruen and Sons;deploy B2B vortals
191;40;47000;Delinda;Kippie;Bruen and Sons;deploy B2B vortals
367;40;89000;Wain;Grabeham;Bruen and Sons;deploy B2B vortals
693;40;43000;Eleanore;Whalley;Bruen and Sons;deploy B2B vortals
820;40;44000;Mord;Ducker;Bruen and Sons;deploy B2B vortals
999;40;34000;Boyd;Birdwhistell;Bruen and Sons;deploy B2B vortals
69;41;36000;Hammad;FitzGibbon;Sipes Inc;drive cross-platform schemas
287;41;52000;Florette;Bode;Sipes Inc;drive cross-platform schemas
502;41;94000;Cherianne;Critchley;Sipes Inc;drive cross-platform schemas
640;41;22000;Dante;Bon;Sipes Inc;drive cross-platform schemas
855;41;67000;Redford;Corkish;Sipes Inc;drive cross-platform schemas
960;41;21000;Christina;Jankovic;Sipes Inc;drive cross-platform schemas
133;42;77000;Ardene;Gerrietz;Fisher-Langworth;enhance holistic applications
174;42;45000;Blake;O'Kennedy;Fisher-Langworth;enhance holistic applications
321;42;44000;Sid;Phalp;Fisher-Langworth;enhance holistic applications
430;42;98000;Will;Gosnay;Fisher-Langworth;enhance holistic applications
460;42;19000;Nial;Buer;Fisher-Langworth;enhance holistic applications
686;42;36000;Jory;Januszewski;Fisher-Langworth;enhance holistic applications
747;42;97000;Vera;Braney;Fisher-Langworth;enhance holistic applications
860;42;100000;Morris;Danilyak;Fisher-Langworth;enhance holistic applications
55;43;34000;Fin;Swarbrigg;Nolan, Osinski and O'Hara;redefine value-added web services
242;43;85000;Denis;Tsar;Nolan, Osinski and O'Hara;redefine value-added web services
399;43;73000;Joey;Phebey;Nolan, Osinski and O'Hara;redefine value-added web services
481;43;55000;Gabriello;Hemmingway;Nolan, Osinski and O'Hara;redefine value-added web services
549;43;65000;Carolin;Sewter;Nolan, Osinski and O'Hara;redefine value-added web services
629;43;100000;Delcine;Tedahl;Nolan, Osinski and O'Hara;redefine value-added web services
644;43;92000;Briney;Napper;Nolan, Osinski and O'Hara;redefine value-added web services
801;43;71000;Federica;Bruff;Nolan, Osinski and O'Hara;redefine value-added web services
943;43;38000;Tracy;Diviny;Nolan, Osinski and O'Hara;redefine value-added web services
511;44;27000;Perrine;Scammell;Johnson-Hickle;engineer next-generation users
780;44;91000;Sinclair;Dene;Johnson-Hickle;engineer next-generation users
966;44;97000;Adelina;Foy;Johnson-Hickle;engineer next-generation users
104;45;84000;Westleigh;Landreth;Vandervort-Adams;envisioneer customized infrastructures
522;45;48000;Bernette;Rowson;Vandervort-Adams;envisioneer customized infrastructures
635;45;14000;Daniele;Doust;Vandervort-Adams;envisioneer customized infrastructures
647;45;57000;Gladi;Gwinn;Vandervort-Adams;envisioneer customized infrastructures
650;45;20000;Kordula;Noon;Vandervort-Adams;envisioneer customized infrastructures
673;45;76000;Rikki;Ruddell;Vandervort-Adams;envisioneer customized infrastructures
685;45;51000;Ferguson;Boole;Vandervort-Adams;envisioneer customized infrastructures
951;45;57000;Dewitt;Devanney;Vandervort-Adams;envisioneer customized infrastructures
62;46;40000;Harris;Parslow;Nicolas, MacGyver and Schuppe;streamline customized ROI
304;46;91000;Filberto;Bound;Nicolas, MacGyver and Schuppe;streamline customized ROI
850;46;26000;Valentia;Phinn;Nicolas, MacGyver and Schuppe;streamline customized ROI
428;47;75000;Sallee;Sarver;Schumm-Funk;productize proactive supply-chains
478;47;93000;Cristen;Dows;Schumm-Funk;productize proactive supply-chains
520;47;35000;Kahaleel;Gawthorp;Schumm-Funk;productize proactive supply-chains
788;47;77000;Emerson;Brashier;Schumm-Funk;productize proactive supply-chains
338;48;100000;Dacey;Lodemann;Dooley-Reichel;benchmark enterprise models
488;48;83000;Padgett;Alenichev;Dooley-Reichel;benchmark enterprise models
698;48;39000;Bella;De Domenicis;Dooley-Reichel;benchmark enterprise models
813;48;72000;Candy;Caston;Dooley-Reichel;benchmark enterprise models
819;48;85000;Margeaux;Van Hove;Dooley-Reichel;benchmark enterprise models
859;48;62000;Allyson;Karpol;Dooley-Reichel;benchmark enterprise models
175;49;12000;Kale;Yakuntsov;Stoltenberg-Mertz;whiteboard world-class synergies
431;49;81000;Minor;MacMorland;Stoltenberg-Mertz;whiteboard world-class synergies
630;49;54000;Drew;McElree;Stoltenberg-Mertz;whiteboard world-class synergies
800;49;58000;Jarad;Inge;Stoltenberg-Mertz;whiteboard world-class synergies
786;49;40000;Judas;Powlesland;Stoltenberg-Mertz;whiteboard world-class synergies
956;49;89000;Doti;Bowman;Stoltenberg-Mertz;whiteboard world-class synergies
24;50;60000;Ambrosius;Stocken;Ruecker-Nikolaus;optimize visionary methodologies
247;50;11000;Mahmud;Ewestace;Ruecker-Nikolaus;optimize visionary methodologies
385;50;85000;Farrel;Fearfull;Ruecker-Nikolaus;optimize visionary methodologies
489;51;49000;Rolland;Riggs;Towne, Bartoletti and Ferry;matrix seamless convergence
675;51;80000;Earlie;Mandy;Towne, Bartoletti and Ferry;matrix seamless convergence
875;51;91000;Charley;Wattins;Towne, Bartoletti and Ferry;matrix seamless convergence
64;52;50000;Chaunce;Savell;Weissnat, Parker and Bartoletti;engage integrated e-markets
359;52;29000;Shannon;Epelett;Weissnat, Parker and Bartoletti;engage integrated e-markets
967;52;41000;Karry;Coit;Weissnat, Parker and Bartoletti;engage integrated e-markets
25;53;64000;Leisha;Norcutt;Prohaska-Halvorson;innovate one-to-one functionalities
90;53;15000;Jacqui;Money;Prohaska-Halvorson;innovate one-to-one functionalities
254;53;67000;Teodoor;Martel;Prohaska-Halvorson;innovate one-to-one functionalities
499;53;98000;Phaidra;Niezen;Prohaska-Halvorson;innovate one-to-one functionalities
507;53;25000;Emile;Sloss;Prohaska-Halvorson;innovate one-to-one functionalities
760;53;86000;Early;Miettinen;Prohaska-Halvorson;innovate one-to-one functionalities
853;53;35000;Trevor;Cona;Prohaska-Halvorson;innovate one-to-one functionalities
314;54;78000;Tyler;Ivashnyov;Pagac Inc;repurpose transparent eyeballs
577;54;43000;Cyril;Wagerfield;Pagac Inc;repurpose transparent eyeballs
809;54;97000;Averil;Klimas;Pagac Inc;repurpose transparent eyeballs
822;54;34000;Roberta;Asquez;Pagac Inc;repurpose transparent eyeballs
132;55;54000;Marcel;Labarre;Crist LLC;optimize impactful e-services
239;55;41000;Cindy;Goodredge;Crist LLC;optimize impactful e-services
282;55;61000;Janaye;Hollyar;Crist LLC;optimize impactful e-services
467;55;56000;Jacynth;Stodart;Crist LLC;optimize impactful e-services
902;55;82000;Elberta;Giral;Crist LLC;optimize impactful e-services
932;55;10000;Gertrude;Angrave;Crist LLC;optimize impactful e-services
181;56;46000;Wilhelm;Emmanuel;Dicki-Koss;grow customized infomediaries
267;56;21000;Theobald;Cupper;Dicki-Koss;grow customized infomediaries
410;56;29000;Modesty;Jorio;Dicki-Koss;grow customized infomediaries
485;56;24000;Elisabetta;Penkman;Dicki-Koss;grow customized infomediaries
739;56;68000;Kristine;Di Biasi;Dicki-Koss;grow customized infomediaries
982;56;99000;Waylin;Walsh;Dicki-Koss;grow customized infomediaries
272;57;65000;Willie;Sellek;Mohr, Smitham and Kertzmann;evolve 24/7 e-services
605;57;80000;Alwin;Scobbie;Mohr, Smitham and Kertzmann;evolve 24/7 e-services
706;57;72000;Gianina;Bater;Mohr, Smitham and Kertzmann;evolve 24/7 e-services
962;57;82000;Sophie;Kinzel;Mohr, Smitham and Kertzmann;evolve 24/7 e-services
274;58;48000;Rafaelia;Pierucci;Howell Group;unleash virtual networks
370;58;33000;Mill;Erbain;Howell Group;unleash virtual networks
727;58;27000;Marrissa;Gosz;Howell Group;unleash virtual networks
954;58;26000;Annabal;Durgan;Howell Group;unleash virtual networks
53;59;80000;Dallas;D'Alessandro;Toy, Leannon and Hintz;deliver global methodologies
46;59;39000;Doyle;Traylen;Toy, Leannon and Hintz;deliver global methodologies
180;59;81000;Liesa;Geerits;Toy, Leannon and Hintz;deliver global methodologies
407;59;91000;Ailey;Kemet;Toy, Leannon and Hintz;deliver global methodologies
456;59;95000;Omero;Ornillos;Toy, Leannon and Hintz;deliver global methodologies
446;60;93000;Berna;Neubigin;Harris, Reynolds and Jast;monetize end-to-end platforms
562;60;48000;Staford;Scrivener;Harris, Reynolds and Jast;monetize end-to-end platforms
995;60;76000;Celisse;Cossom;Harris, Reynolds and Jast;monetize end-to-end platforms
166;61;35000;Reyna;de Clerc;Little-Durgan;reinvent vertical interfaces
372;61;12000;Ingram;Escalero;Little-Durgan;reinvent vertical interfaces
73;62;66000;Livvyy;Yakubowicz;Cruickshank and Sons;cultivate ubiquitous models
100;62;16000;Misha;Edmand;Cruickshank and Sons;cultivate ubiquitous models
110;62;72000;Deane;Giffaut;Cruickshank and Sons;cultivate ubiquitous models
210;62;43000;Hagan;McTiernan;Cruickshank and Sons;cultivate ubiquitous models
515;62;66000;Sally;Manvell;Cruickshank and Sons;cultivate ubiquitous models
3;63;88000;Leena;Turfrey;Funk-Dietrich;exploit 24/365 metrics
138;63;98000;Donelle;Mepham;Funk-Dietrich;exploit 24/365 metrics
206;63;87000;Jules;Serridge;Funk-Dietrich;exploit 24/365 metrics
196;63;67000;Cybill;Hallagan;Funk-Dietrich;exploit 24/365 metrics
392;63;75000;Simone;Woolard;Funk-Dietrich;exploit 24/365 metrics
419;63;26000;Addy;Baudins;Funk-Dietrich;exploit 24/365 metrics
604;63;57000;Foss;Loude;Funk-Dietrich;exploit 24/365 metrics
153;64;62000;Felice;Minichi;Bradtke-Block;target bleeding-edge relationships
178;64;37000;Nettie;Gowdridge;Bradtke-Block;target bleeding-edge relationships
642;64;38000;Austina;Dmitrienko;Bradtke-Block;target bleeding-edge relationships
917;64;12000;Farley;Collister;Bradtke-Block;target bleeding-edge relationships
952;64;14000;Marnie;Tindle;Bradtke-Block;target bleeding-edge relationships
155;65;19000;Evey;Pim;Pfannerstill, Bayer and Mayer;unleash viral niches
377;65;86000;Willi;Hurch;Pfannerstill, Bayer and Mayer;unleash viral niches
475;65;25000;Marlene;Thorius;Pfannerstill, Bayer and Mayer;unleash viral niches
989;65;60000;Coleman;Cromarty;Pfannerstill, Bayer and Mayer;unleash viral niches
33;66;77000;Lira;Whilder;Casper LLC;repurpose granular applications
429;66;12000;Mace;Strotton;Casper LLC;repurpose granular applications
708;66;16000;Griffy;Gingell;Casper LLC;repurpose granular applications
817;66;98000;Chris;Vennart;Casper LLC;repurpose granular applications
826;66;57000;Roana;Pennacci;Casper LLC;repurpose granular applications
226;67;58000;Alex;Clyburn;Bogan, Glover and Kerluke;reintermediate collaborative initiatives
779;67;77000;Jemima;Fleming;Bogan, Glover and Kerluke;reintermediate collaborative initiatives
543;68;17000;Diahann;Gommowe;MacGyver-Stamm;generate vertical web services
769;68;48000;Claresta;Lacase;MacGyver-Stamm;generate vertical web services
924;68;97000;Melinde;Linzee;MacGyver-Stamm;generate vertical web services
276;69;10000;Stephan;Toms;VonRueden-Ferry;maximize cutting-edge e-services
421;69;12000;Xavier;Haddock;VonRueden-Ferry;maximize cutting-edge e-services
466;69;35000;Ezequiel;Massingberd;VonRueden-Ferry;maximize cutting-edge e-services
5;70;15000;Jeane;Briddock;Berge-Cummerata;orchestrate ubiquitous e-commerce
6;70;12000;Garik;Duham;Berge-Cummerata;orchestrate ubiquitous e-commerce
190;70;88000;Rheta;Seldon;Berge-Cummerata;orchestrate ubiquitous e-commerce
336;70;45000;Ondrea;Vyvyan;Berge-Cummerata;orchestrate ubiquitous e-commerce
444;70;92000;Emmet;Aberdalgy;Berge-Cummerata;orchestrate ubiquitous e-commerce
288;71;33000;Adi;Castelletto;Feeney, Jacobi and Kozey;reinvent best-of-breed synergies
292;71;62000;Burl;Pybus;Feeney, Jacobi and Kozey;reinvent best-of-breed synergies
366;71;42000;Bryn;Winny;Feeney, Jacobi and Kozey;reinvent best-of-breed synergies
411;71;88000;Alasteir;Leban;Feeney, Jacobi and Kozey;reinvent best-of-breed synergies
612;71;29000;Boris;Emlyn;Feeney, Jacobi and Kozey;reinvent best-of-breed synergies
950;71;40000;Johnathon;Crilly;Feeney, Jacobi and Kozey;reinvent best-of-breed synergies
15;72;33000;Mindy;Meachen;Kulas Inc;orchestrate end-to-end bandwidth
528;72;40000;Pyotr;Worral;Kulas Inc;orchestrate end-to-end bandwidth
862;72;13000;Melissa;Lafoy;Kulas Inc;orchestrate end-to-end bandwidth
889;72;20000;Devinne;Corris;Kulas Inc;orchestrate end-to-end bandwidth
135;73;93000;Skelly;Stolworthy;Ondricka and Sons;enhance frictionless models
152;73;71000;Ruperto;Vela;Ondricka and Sons;enhance frictionless models
234;73;79000;Ayn;Gersam;Ondricka and Sons;enhance frictionless models
273;73;62000;Jenni;O'Doherty;Ondricka and Sons;enhance frictionless models
263;73;26000;Amye;Seago;Ondricka and Sons;enhance frictionless models
310;73;94000;Angelle;Stapels;Ondricka and Sons;enhance frictionless models
615;73;84000;Marve;Humpherson;Ondricka and Sons;enhance frictionless models
849;73;20000;Carlye;Menpes;Ondricka and Sons;enhance frictionless models
947;73;85000;Octavius;Bratley;Ondricka and Sons;enhance frictionless models
112;74;65000;Maitilde;Fargher;Steuber Group;deliver synergistic methodologies
893;74;93000;Sander;Skivington;Steuber Group;deliver synergistic methodologies
232;75;86000;Aprilette;Powrie;Ziemann-Renner;synergize robust bandwidth
335;75;10000;Romola;Hucknall;Ziemann-Renner;synergize robust bandwidth
579;75;62000;Arnuad;Radborn;Ziemann-Renner;synergize robust bandwidth
600;75;96000;Erma;Huburn;Ziemann-Renner;synergize robust bandwidth
714;75;18000;Brigida;Duchart;Ziemann-Renner;synergize robust bandwidth
996;75;59000;Verge;Alasdair;Ziemann-Renner;synergize robust bandwidth
49;76;58000;Herta;Faust;Bradtke-Abshire;empower front-end architectures
144;76;26000;Muhammad;Lillecrop;Bradtke-Abshire;empower front-end architectures
278;76;89000;Herbert;Irvin;Bradtke-Abshire;empower front-end architectures
346;76;54000;Beaufort;Tingey;Bradtke-Abshire;empower front-end architectures
910;76;46000;Kaiser;Espinazo;Bradtke-Abshire;empower front-end architectures
981;76;100000;Tedda;Crooks;Bradtke-Abshire;empower front-end architectures
8;77;43000;Juliette;Huyton;Yundt-Carter;syndicate extensible methodologies
202;77;84000;Marleen;Gook;Yundt-Carter;syndicate extensible methodologies
260;77;35000;Jarad;Gough;Yundt-Carter;syndicate extensible methodologies
280;77;17000;Drud;Petrou;Yundt-Carter;syndicate extensible methodologies
514;77;16000;Sally;Stelle;Yundt-Carter;syndicate extensible methodologies
857;77;33000;Tibold;Wratten;Yundt-Carter;syndicate extensible methodologies
961;77;96000;Binny;Janicek;Yundt-Carter;syndicate extensible methodologies
969;77;19000;Mac;Marsy;Yundt-Carter;syndicate extensible methodologies
61;78;71000;Benyamin;Shimmings;Lakin Group;deliver extensible web-readiness
293;78;24000;Sybille;Batman;Lakin Group;deliver extensible web-readiness
420;78;21000;Elfrieda;Shiels;Lakin Group;deliver extensible web-readiness
483;78;17000;Min;Hallums;Lakin Group;deliver extensible web-readiness
550;78;54000;Marney;Nutman;Lakin Group;deliver extensible web-readiness
681;78;63000;Goddart;Beedon;Lakin Group;deliver extensible web-readiness
919;78;16000;Skippy;Hargie;Lakin Group;deliver extensible web-readiness
2;79;96000;Aleen;Rosenthal;Armstrong Group;embrace efficient infrastructures
41;79;44000;Herculie;Garvan;Armstrong Group;embrace efficient infrastructures
395;79;37000;Amalia;Brennenstuhl;Armstrong Group;embrace efficient infrastructures
414;79;25000;Annissa;Guitonneau;Armstrong Group;embrace efficient infrastructures
575;79;75000;Daisie;Latey;Armstrong Group;embrace efficient infrastructures
704;79;94000;Bert;Krimmer;Armstrong Group;embrace efficient infrastructures
808;79;29000;Cassie;Harries;Armstrong Group;embrace efficient infrastructures
23;80;32000;Renato;Seckom;Boehm-Pollich;revolutionize transparent paradigms
373;80;62000;Bertrand;Huortic;Boehm-Pollich;revolutionize transparent paradigms
461;80;25000;Bamby;Shwenn;Boehm-Pollich;revolutionize transparent paradigms
533;80;90000;Phylys;Rennels;Boehm-Pollich;revolutionize transparent paradigms
128;81;60000;Alejoa;Baunton;Jacobs, Dach and Ferry;integrate mission-critical metrics
192;81;33000;Essa;Kits;Jacobs, Dach and Ferry;integrate mission-critical metrics
435;81;81000;Orrin;Millen;Jacobs, Dach and Ferry;integrate mission-critical metrics
610;81;95000;Aloise;Faucett;Jacobs, Dach and Ferry;integrate mission-critical metrics
748;81;15000;Lizbeth;Duding;Jacobs, Dach and Ferry;integrate mission-critical metrics
899;81;58000;Eustace;Lilywhite;Jacobs, Dach and Ferry;integrate mission-critical metrics
929;81;66000;Milissent;Sandford;Jacobs, Dach and Ferry;integrate mission-critical metrics
189;82;86000;Sabra;Fogarty;Leffler-West;target revolutionary models
354;82;24000;Livvyy;Ruslen;Leffler-West;target revolutionary models
389;82;79000;Benjy;Boddy;Leffler-West;target revolutionary models
425;82;53000;Wilma;Coulling;Leffler-West;target revolutionary models
434;82;60000;Elisha;Cully;Leffler-West;target revolutionary models
482;82;57000;Janette;Elgram;Leffler-West;target revolutionary models
845;82;74000;Ibrahim;Shellum;Leffler-West;target revolutionary models
882;82;63000;Randie;Hallows;Leffler-West;target revolutionary models
987;82;58000;Lee;Odde;Leffler-West;target revolutionary models
609;83;40000;Brandea;Jeremiah;Renner, Stehr and Kunde;synergize B2B channels
319;84;65000;Meggi;Gagin;Treutel-Abernathy;deliver revolutionary schemas
391;84;14000;Barbabra;Alvin;Treutel-Abernathy;deliver revolutionary schemas
897;84;27000;Terence;Grebbin;Treutel-Abernathy;deliver revolutionary schemas
82;85;23000;Riley;De Bruijne;Murray Group;incubate viral infomediaries
109;85;10000;Natalina;Onge;Murray Group;incubate viral infomediaries
134;85;44000;Rustin;Deniskevich;Murray Group;incubate viral infomediaries
184;85;33000;Llywellyn;Mournian;Murray Group;incubate viral infomediaries
237;85;95000;Cornela;McClory;Murray Group;incubate viral infomediaries
595;85;25000;Mandi;Desouza;Murray Group;incubate viral infomediaries
765;85;97000;Northrop;Trusty;Murray Group;incubate viral infomediaries
812;85;43000;Loreen;Westcar;Murray Group;incubate viral infomediaries
909;85;25000;Myra;Whitchurch;Murray Group;incubate viral infomediaries
120;86;47000;Lindsy;Auty;Zieme-Kuvalis;utilize viral methodologies
114;86;36000;June;Byneth;Zieme-Kuvalis;utilize viral methodologies
147;86;52000;Rem;Tofanelli;Zieme-Kuvalis;utilize viral methodologies
150;86;74000;Leann;Batchellor;Zieme-Kuvalis;utilize viral methodologies
200;86;81000;Vassily;Beckhouse;Zieme-Kuvalis;utilize viral methodologies
497;86;84000;Johna;Kunisch;Zieme-Kuvalis;utilize viral methodologies
494;86;19000;Robenia;Cashley;Zieme-Kuvalis;utilize viral methodologies
540;86;91000;Johnna;Faccini;Zieme-Kuvalis;utilize viral methodologies
737;86;49000;Doe;Ianiello;Zieme-Kuvalis;utilize viral methodologies
930;86;60000;Robinet;Gladhill;Zieme-Kuvalis;utilize viral methodologies
57;87;83000;Broddy;Pasley;Zulauf LLC;utilize interactive partnerships
222;87;19000;Liliane;Duval;Zulauf LLC;utilize interactive partnerships
307;87;63000;Consolata;Linney;Zulauf LLC;utilize interactive partnerships
348;87;75000;Malvina;Dybell;Zulauf LLC;utilize interactive partnerships
682;87;85000;Keen;Murrison;Zulauf LLC;utilize interactive partnerships
750;87;14000;Courtnay;Poinsett;Zulauf LLC;utilize interactive partnerships
316;88;93000;Anett;Cassell;McCullough, McCullough and Donnelly;mesh strategic interfaces
477;88;24000;Elene;Ianno;McCullough, McCullough and Donnelly;mesh strategic interfaces
496;88;71000;Venus;Knapper;McCullough, McCullough and Donnelly;mesh strategic interfaces
816;88;31000;Jennica;Januszewski;McCullough, McCullough and Donnelly;mesh strategic interfaces
217;89;94000;Jennine;Chorley;Ankunding-Frami;facilitate cross-media users
197;89;70000;Sammie;Baunton;Ankunding-Frami;facilitate cross-media users
347;89;23000;Samara;Kevane;Ankunding-Frami;facilitate cross-media users
649;89;91000;Tana;Longdon;Ankunding-Frami;facilitate cross-media users
888;89;15000;Abbie;Allicock;Ankunding-Frami;facilitate cross-media users
350;90;85000;Griswold;Cutmore;Mayert, Goldner and Ward;evolve innovative infrastructures
626;90;11000;Evangelia;Abelov;Mayert, Goldner and Ward;evolve innovative infrastructures
661;90;55000;Gaylor;Briscoe;Mayert, Goldner and Ward;evolve innovative infrastructures
829;90;66000;Baldwin;Worviell;Mayert, Goldner and Ward;evolve innovative infrastructures
576;91;47000;Marcos;Varvara;Kub, Kunze and Moore;transform user-centric deliverables
571;91;92000;Laurens;Giorgiutti;Kub, Kunze and Moore;transform user-centric deliverables
749;91;32000;Livvy;Halso;Kub, Kunze and Moore;transform user-centric deliverables
81;92;80000;Heriberto;Salling;Kunze, Runolfsson and Emmerich;harness rich e-tailers
207;92;35000;Stacia;Keri;Kunze, Runolfsson and Emmerich;harness rich e-tailers
751;92;33000;Elena;Truelock;Kunze, Runolfsson and Emmerich;harness rich e-tailers
84;93;70000;Melina;Goodyer;Goldner LLC;architect bleeding-edge e-markets
470;93;49000;Kylila;Bonifant;Goldner LLC;architect bleeding-edge e-markets
658;93;54000;Lea;Adami;Goldner LLC;architect bleeding-edge e-markets
678;93;94000;Uri;Comsty;Goldner LLC;architect bleeding-edge e-markets
934;93;57000;Iosep;Dufaire;Goldner LLC;architect bleeding-edge e-markets
51;94;56000;Tiler;O'Kieran;Purdy Inc;drive 24/7 portals
531;94;51000;Sebastiano;Blaver;Purdy Inc;drive 24/7 portals
738;94;50000;Barri;Hardan;Purdy Inc;drive 24/7 portals
34;95;98000;Carrie;Lampard;Emmerich Inc;deliver revolutionary e-services
98;95;71000;Alessandro;Ather;Emmerich Inc;deliver revolutionary e-services
396;95;51000;Shirley;Widmoor;Emmerich Inc;deliver revolutionary e-services
402;95;83000;Franciskus;Matisse;Emmerich Inc;deliver revolutionary e-services
527;95;42000;Eliot;Poacher;Emmerich Inc;deliver revolutionary e-services
695;95;32000;Sheelagh;Coltart;Emmerich Inc;deliver revolutionary e-services
868;95;69000;Basile;Chalkly;Emmerich Inc;deliver revolutionary e-services
37;96;47000;Brad;Daine;Wisozk, Dicki and Lind;unleash extensible niches
94;96;68000;Alvy;Enrrico;Wisozk, Dicki and Lind;unleash extensible niches
322;96;53000;Cletis;Threadgill;Wisozk, Dicki and Lind;unleash extensible niches
493;96;17000;Lauren;Collingwood;Wisozk, Dicki and Lind;unleash extensible niches
912;96;41000;Morie;Lamputt;Wisozk, Dicki and Lind;unleash extensible niches
506;97;24000;Ranice;Bearblock;Oberbrunner Group;transition efficient eyeballs
759;97;55000;Drugi;Durrett;Oberbrunner Group;transition efficient eyeballs
949;97;18000;Clayborne;Lardner;Oberbrunner Group;transition efficient eyeballs
965;97;17000;Albertina;Prevost;Oberbrunner Group;transition efficient eyeballs
89;98;85000;Hurley;Seaborn;Wintheiser Group;empower next-generation networks
165;98;47000;Briney;Chasen;Wintheiser Group;empower next-generation networks
245;98;12000;Roseanna;Jarrard;Wintheiser Group;empower next-generation networks
436;98;93000;Leandra;Grewcock;Wintheiser Group;empower next-generation networks
486;98;61000;Sebastiano;Pudsall;Wintheiser Group;empower next-generation networks
770;98;31000;Charis;Yegorovnin;Wintheiser Group;empower next-generation networks
203;99;47000;Arch;Bust;Marquardt and Sons;productize user-centric initiatives
356;99;81000;Joseph;Bowser;Marquardt and Sons;productize user-centric initiatives
898;99;64000;Devin;Sinkinson;Marquardt and Sons;productize user-centric initiatives
440;100;16000;Roberta;Goold;Goodwin-Kunde;disintermediate cross-media systems
468;100;58000;Cheslie;Trevain;Goodwin-Kunde;disintermediate cross-media systems
785;100;35000;Ingemar;Espy;Goodwin-Kunde;disintermediate cross-media systems
593;101;50000;Gratiana;Giamitti;Bashirian Group;cultivate ubiquitous channels
653;101;74000;Bud;Pikhno;Bashirian Group;cultivate ubiquitous channels
663;101;63000;Bren;Skeermer;Bashirian Group;cultivate ubiquitous channels
512;102;63000;Raff;Mooreed;Kozey-Skiles;deploy dot-com ROI
711;102;40000;Hedvige;Worlock;Kozey-Skiles;deploy dot-com ROI
758;102;100000;Jenine;Trusler;Kozey-Skiles;deploy dot-com ROI
988;102;30000;Clayborne;Seebert;Kozey-Skiles;deploy dot-com ROI
93;103;35000;Elora;Myatt;Zemlak-VonRueden;repurpose magnetic e-services
163;103;82000;Ashly;Firidolfi;Zemlak-VonRueden;repurpose magnetic e-services
164;103;65000;Madeleine;Croyden;Zemlak-VonRueden;repurpose magnetic e-services
416;103;79000;Rae;Surtees;Zemlak-VonRueden;repurpose magnetic e-services
592;103;79000;Tait;Mushawe;Zemlak-VonRueden;repurpose magnetic e-services
793;103;90000;Aurie;Attwill;Zemlak-VonRueden;repurpose magnetic e-services
877;103;25000;Junina;Grigolashvill;Zemlak-VonRueden;repurpose magnetic e-services
417;104;31000;Vittorio;Aldiss;Kautzer Group;reinvent robust methodologies
463;104;77000;Andrew;Sarjant;Kautzer Group;reinvent robust methodologies
569;104;36000;Mariann;Duckerin;Kautzer Group;reinvent robust methodologies
597;104;64000;Augustus;McGerraghty;Kautzer Group;reinvent robust methodologies
911;104;20000;Modesta;Verbruggen;Kautzer Group;reinvent robust methodologies
648;105;71000;Garvey;Vockings;Murazik, Purdy and Little;recontextualize B2C web services
660;105;69000;Brena;Towne;Murazik, Purdy and Little;recontextualize B2C web services
761;105;85000;Jud;Mortell;Murazik, Purdy and Little;recontextualize B2C web services
974;105;78000;Enrika;Orht;Murazik, Purdy and Little;recontextualize B2C web services
186;106;51000;Peggie;Barthod;Gutkowski-Stracke;deploy seamless platforms
394;106;86000;Cleavland;Ferry;Gutkowski-Stracke;deploy seamless platforms
741;106;94000;Carlin;Harsnep;Gutkowski-Stracke;deploy seamless platforms
70;107;20000;Jarrad;Simmig;Jacobs-Kulas;evolve bleeding-edge action-items
219;107;66000;Lev;Tome;Jacobs-Kulas;evolve bleeding-edge action-items
614;107;14000;Clare;Karppi;Jacobs-Kulas;evolve bleeding-edge action-items
654;107;92000;Walt;Heinl;Jacobs-Kulas;evolve bleeding-edge action-items
664;107;13000;Hillyer;Hilland;Jacobs-Kulas;evolve bleeding-edge action-items
890;107;35000;Melly;Ewestace;Jacobs-Kulas;evolve bleeding-edge action-items
48;108;47000;Marlena;Boomes;O'Connell Inc;reinvent synergistic synergies
668;108;29000;Humfried;Aplin;O'Connell Inc;reinvent synergistic synergies
742;108;36000;Norene;Boothroyd;O'Connell Inc;reinvent synergistic synergies
923;108;48000;Ebony;Pratton;O'Connell Inc;reinvent synergistic synergies
983;108;91000;Ynes;Ruslen;O'Connell Inc;reinvent synergistic synergies
176;109;26000;Nettie;Healks;Prohaska-Howell;productize sexy content
266;109;51000;Adara;Dybald;Prohaska-Howell;productize sexy content
264;109;51000;Vivyan;Sharpus;Prohaska-Howell;productize sexy content
453;109;75000;Jelene;Veighey;Prohaska-Howell;productize sexy content
518;109;26000;Ernest;Carlick;Prohaska-Howell;productize sexy content
608;109;85000;Carola;Bortoloni;Prohaska-Howell;productize sexy content
752;109;10000;Staford;Crew;Prohaska-Howell;productize sexy content
756;109;31000;Rozelle;Levane;Prohaska-Howell;productize sexy content
771;109;97000;Lenore;Wardell;Prohaska-Howell;productize sexy content
835;109;38000;Ferguson;de Banke;Prohaska-Howell;productize sexy content
182;110;30000;Doti;Chaddock;Hudson-Vandervort;benchmark efficient vortals
183;110;22000;Parke;Jiruch;Hudson-Vandervort;benchmark efficient vortals
225;110;65000;Estelle;Betser;Hudson-Vandervort;benchmark efficient vortals
243;110;62000;Yardley;Seson;Hudson-Vandervort;benchmark efficient vortals
369;110;54000;Cordey;Biesty;Hudson-Vandervort;benchmark efficient vortals
722;110;60000;Connor;Mattiazzo;Hudson-Vandervort;benchmark efficient vortals
568;111;80000;Karl;Dunkersley;Tillman, Braun and Lemke;empower value-added methodologies
142;112;81000;Zach;Rackham;Sanford, Erdman and Ritchie;reinvent ubiquitous architectures
627;112;86000;Florida;Nickless;Sanford, Erdman and Ritchie;reinvent ubiquitous architectures
75;113;52000;Tersina;Pafford;Kreiger-Wisozk;embrace synergistic initiatives
250;113;94000;Nevil;Thurley;Kreiger-Wisozk;embrace synergistic initiatives
441;113;67000;Issie;Lovstrom;Kreiger-Wisozk;embrace synergistic initiatives
487;113;68000;Ami;Poulsum;Kreiger-Wisozk;embrace synergistic initiatives
723;113;30000;Talyah;Bosson;Kreiger-Wisozk;embrace synergistic initiatives
842;113;74000;Pennie;Guerola;Kreiger-Wisozk;embrace synergistic initiatives
945;113;66000;Berny;Fudger;Kreiger-Wisozk;embrace synergistic initiatives
928;114;26000;Edita;Rosbottom;Hintz, Waters and Johnston;incubate collaborative functionalities
68;115;54000;Shep;Coonihan;Grimes, Grimes and Gutkowski;synergize best-of-breed e-business
201;115;69000;Bambie;Cains;Grimes, Grimes and Gutkowski;synergize best-of-breed e-business
555;115;60000;Jeanelle;Marcinkus;Grimes, Grimes and Gutkowski;synergize best-of-breed e-business
794;115;65000;Bari;Martinson;Grimes, Grimes and Gutkowski;synergize best-of-breed e-business
946;115;97000;Lauren;Beaford;Grimes, Grimes and Gutkowski;synergize best-of-breed e-business
957;115;58000;Frasco;Van de Castele;Grimes, Grimes and Gutkowski;synergize best-of-breed e-business
83;116;56000;Stan;Walklate;Friesen, Rowe and Schultz;enable virtual initiatives
328;116;10000;Bary;Mullins;Friesen, Rowe and Schultz;enable virtual initiatives
445;116;74000;Lena;Genicke;Friesen, Rowe and Schultz;enable virtual initiatives
824;116;35000;Zaria;McPeeters;Friesen, Rowe and Schultz;enable virtual initiatives
27;117;56000;Kim;Salmoni;Murphy and Sons;harness seamless partnerships
19;117;84000;Rockey;MacCurlye;Murphy and Sons;harness seamless partnerships
358;117;12000;Valentia;Maase;Murphy and Sons;harness seamless partnerships
764;117;89000;Konstantin;McAndrew;Murphy and Sons;harness seamless partnerships
908;117;51000;Spense;Vamplew;Murphy and Sons;harness seamless partnerships
28;118;11000;Davin;Candish;Harber LLC;visualize bricks-and-clicks users
172;118;91000;Lydon;Dowd;Harber LLC;visualize bricks-and-clicks users
236;118;42000;Crissy;Pillifant;Harber LLC;visualize bricks-and-clicks users
315;118;60000;Alphonse;Stolworthy;Harber LLC;visualize bricks-and-clicks users
306;118;69000;Ramon;MacGown;Harber LLC;visualize bricks-and-clicks users
710;118;46000;Yehudit;Esome;Harber LLC;visualize bricks-and-clicks users
743;118;65000;Jeffrey;Paulsen;Harber LLC;visualize bricks-and-clicks users
438;119;95000;Lonny;McNay;Lubowitz-Runolfsson;implement world-class platforms
634;119;100000;Renault;Minchin;Lubowitz-Runolfsson;implement world-class platforms
914;119;49000;Jyoti;Rayman;Lubowitz-Runolfsson;implement world-class platforms
351;120;55000;Gram;Von Brook;Streich and Sons;synthesize open-source partnerships
519;120;73000;Tuck;Stoyle;Streich and Sons;synthesize open-source partnerships
754;120;18000;Staford;Gason;Streich and Sons;synthesize open-source partnerships
852;120;31000;Domini;Omar;Streich and Sons;synthesize open-source partnerships
26;121;91000;Neville;Brugden;Hamill and Sons;strategize vertical metrics
241;121;16000;Heidie;Ridsdole;Hamill and Sons;strategize vertical metrics
557;121;66000;Cammy;Bernardin;Hamill and Sons;strategize vertical metrics
684;121;59000;Meyer;Renish;Hamill and Sons;strategize vertical metrics
841;121;95000;Alfi;Fusedale;Hamill and Sons;strategize vertical metrics
916;121;26000;Katha;Giercke;Hamill and Sons;strategize vertical metrics
208;122;90000;Armstrong;Vamplew;Kertzmann, Weissnat and Lueilwitz;iterate efficient content
311;122;15000;Natalina;Mallion;Kertzmann, Weissnat and Lueilwitz;iterate efficient content
387;122;77000;Heindrick;Younger;Kertzmann, Weissnat and Lueilwitz;iterate efficient content
474;122;74000;Trish;Geldeard;Kertzmann, Weissnat and Lueilwitz;iterate efficient content
536;122;40000;Nathanial;Ornils;Kertzmann, Weissnat and Lueilwitz;iterate efficient content
830;122;93000;Caritta;Macconachy;Kertzmann, Weissnat and Lueilwitz;iterate efficient content
836;122;28000;Andria;Adnett;Kertzmann, Weissnat and Lueilwitz;iterate efficient content
353;123;64000;Pietra;Caustic;Frami LLC;harness mission-critical networks
526;123;75000;Claiborne;Jurkowski;Frami LLC;harness mission-critical networks
584;123;64000;Karlik;Danks;Frami LLC;harness mission-critical networks
21;124;77000;Hertha;Butt Gow;Daniel-Marquardt;deploy collaborative e-tailers
66;124;11000;Bonny;Atterley;Daniel-Marquardt;deploy collaborative e-tailers
662;124;74000;Niko;Mersh;Daniel-Marquardt;deploy collaborative e-tailers
783;124;18000;Mei;Yuille;Daniel-Marquardt;deploy collaborative e-tailers
828;124;60000;Susann;Masdin;Daniel-Marquardt;deploy collaborative e-tailers
846;124;44000;Delilah;Ongin;Daniel-Marquardt;deploy collaborative e-tailers
865;124;22000;Nathanael;Chadwen;Daniel-Marquardt;deploy collaborative e-tailers
116;125;78000;Briano;Woolager;Mitchell, Harber and Rau;implement e-business technologies
170;125;33000;April;Wythill;Mitchell, Harber and Rau;implement e-business technologies
657;125;19000;Marv;Stains;Mitchell, Harber and Rau;implement e-business technologies
696;125;38000;Danie;Shrieves;Mitchell, Harber and Rau;implement e-business technologies
873;125;97000;Caye;Ambrose;Mitchell, Harber and Rau;implement e-business technologies
717;126;22000;Gare;Timny;Schuster Inc;harness global e-commerce
900;126;10000;Jinny;Lindgren;Schuster Inc;harness global e-commerce
218;127;37000;Kamila;Gerrietz;Swift, Kshlerin and Osinski;enable strategic e-commerce
300;127;39000;Dannie;Cheyney;Swift, Kshlerin and Osinski;enable strategic e-commerce
700;127;25000;Tracie;Carnock;Swift, Kshlerin and Osinski;enable strategic e-commerce
804;127;34000;Daile;Licas;Swift, Kshlerin and Osinski;enable strategic e-commerce
10;128;82000;Bryce;Guiton;Franecki, Hamill and Leffler;empower compelling paradigms
565;128;96000;Henry;Jolliffe;Franecki, Hamill and Leffler;empower compelling paradigms
680;128;80000;Justin;McCurlye;Franecki, Hamill and Leffler;empower compelling paradigms
729;128;26000;Alasteir;Scutter;Franecki, Hamill and Leffler;empower compelling paradigms
795;128;18000;Sher;Withull;Franecki, Hamill and Leffler;empower compelling paradigms
818;128;54000;Wendi;Tradewell;Franecki, Hamill and Leffler;empower compelling paradigms
42;129;91000;Quinn;Murcott;Glover-Langosh;iterate B2B web-readiness
103;129;43000;Amandie;Lisciandri;Glover-Langosh;iterate B2B web-readiness
198;129;13000;Eugenie;Church;Glover-Langosh;iterate B2B web-readiness
227;129;20000;Caldwell;O'Carran;Glover-Langosh;iterate B2B web-readiness
730;129;27000;Mora;Yakovl;Glover-Langosh;iterate B2B web-readiness
872;129;78000;Benedick;Bramhall;Glover-Langosh;iterate B2B web-readiness
913;129;65000;Iseabal;Garvagh;Glover-Langosh;iterate B2B web-readiness
97;130;18000;Adan;Sheldrake;Corwin Inc;optimize B2B e-commerce
268;130;74000;Reginald;Stoffel;Corwin Inc;optimize B2B e-commerce
538;130;54000;Blancha;Rief;Corwin Inc;optimize B2B e-commerce
546;130;44000;Fidole;Negal;Corwin Inc;optimize B2B e-commerce
781;130;21000;Juline;Stickland;Corwin Inc;optimize B2B e-commerce
327;131;37000;Ilaire;Driutti;Klein LLC;reintermediate leading-edge eyeballs
476;131;26000;Morena;Evangelinos;Klein LLC;reintermediate leading-edge eyeballs
501;131;72000;Aubine;Pridding;Klein LLC;reintermediate leading-edge eyeballs
564;131;39000;Eve;Broster;Klein LLC;reintermediate leading-edge eyeballs
558;131;82000;Juan;McTerlagh;Klein LLC;reintermediate leading-edge eyeballs
598;131;46000;Horst;Phair;Klein LLC;reintermediate leading-edge eyeballs
721;131;57000;Earl;Lilburne;Klein LLC;reintermediate leading-edge eyeballs
773;131;29000;Charita;Robart;Klein LLC;reintermediate leading-edge eyeballs
851;131;45000;Pierre;Pizer;Klein LLC;reintermediate leading-edge eyeballs
275;132;96000;Rosa;Franschini;Jerde LLC;synergize robust e-services
312;132;25000;Clerissa;Stilgo;Jerde LLC;synergize robust e-services
330;132;21000;Cristionna;Whitwam;Jerde LLC;synergize robust e-services
472;132;27000;West;O' Flaherty;Jerde LLC;synergize robust e-services
173;133;53000;Maxy;Reijmers;Friesen, Baumbach and Murazik;leverage value-added initiatives
339;133;93000;Trish;Letixier;Friesen, Baumbach and Murazik;leverage value-added initiatives
560;133;56000;De witt;Tuft;Friesen, Baumbach and Murazik;leverage value-added initiatives
599;133;66000;Briant;Thorogood;Friesen, Baumbach and Murazik;leverage value-added initiatives
968;133;38000;Shayna;Kirtland;Friesen, Baumbach and Murazik;leverage value-added initiatives
87;134;90000;Gregoire;Lenihan;Crona, Gislason and Bradtke;deliver ubiquitous infrastructures
525;134;46000;Chickie;Murdie;Crona, Gislason and Bradtke;deliver ubiquitous infrastructures
840;134;10000;Merrel;Rathe;Crona, Gislason and Bradtke;deliver ubiquitous infrastructures
927;134;98000;Darcy;Kunat;Crona, Gislason and Bradtke;deliver ubiquitous infrastructures
979;134;65000;Eric;Duignan;Crona, Gislason and Bradtke;deliver ubiquitous infrastructures
121;135;23000;Sadella;Izacenko;Wiegand, Mitchell and Schuppe;incubate user-centric communities
622;135;69000;Zebulen;Wrennall;Wiegand, Mitchell and Schuppe;incubate user-centric communities
871;135;52000;Kerianne;Langcastle;Wiegand, Mitchell and Schuppe;incubate user-centric communities
32;136;85000;Marcelo;Lerohan;Hintz, Cronin and McCullough;strategize user-centric functionalities
85;136;28000;Katie;Marklin;Hintz, Cronin and McCullough;strategize user-centric functionalities
122;136;28000;Rickie;McPhillips;Hintz, Cronin and McCullough;strategize user-centric functionalities
162;136;46000;Nye;Clewett;Hintz, Cronin and McCullough;strategize user-centric functionalities
238;136;61000;Gabbi;Griss;Hintz, Cronin and McCullough;strategize user-centric functionalities
621;136;77000;Tina;Cominello;Hintz, Cronin and McCullough;strategize user-centric functionalities
735;136;66000;Cori;Oertzen;Hintz, Cronin and McCullough;strategize user-centric functionalities
148;137;20000;Gabriel;Einchcombe;Reichel LLC;optimize customized methodologies
271;137;84000;Hobey;Eastes;Reichel LLC;optimize customized methodologies
323;137;75000;Fons;Bonnier;Reichel LLC;optimize customized methodologies
409;137;19000;Cam;Jeckell;Reichel LLC;optimize customized methodologies
388;137;18000;Hortense;Camel;Reichel LLC;optimize customized methodologies
618;137;84000;Rourke;Attride;Reichel LLC;optimize customized methodologies
782;137;38000;Malinde;Merrington;Reichel LLC;optimize customized methodologies
931;137;94000;Hubie;Lindenman;Reichel LLC;optimize customized methodologies
39;138;27000;Legra;Chiles;Wunsch, Keebler and Jacobs;exploit out-of-the-box mindshare
136;138;39000;Fanny;Iskower;Wunsch, Keebler and Jacobs;exploit out-of-the-box mindshare
171;138;20000;Hervey;Breem;Wunsch, Keebler and Jacobs;exploit out-of-the-box mindshare
991;138;60000;Editha;Dowsey;Wunsch, Keebler and Jacobs;exploit out-of-the-box mindshare
12;139;13000;Thomas;Winger;Rowe LLC;engage transparent supply-chains
160;139;88000;Sasha;Chipp;Rowe LLC;engage transparent supply-chains
887;139;32000;Randolf;Sharply;Rowe LLC;engage transparent supply-chains
941;139;97000;Janeva;Kirby;Rowe LLC;engage transparent supply-chains
297;140;24000;Lidia;Richin;Conn Group;leverage seamless partnerships
423;140;49000;Darell;Cullingworth;Conn Group;leverage seamless partnerships
574;140;24000;Babs;Testin;Conn Group;leverage seamless partnerships
637;140;79000;Torey;Bunstone;Conn Group;leverage seamless partnerships
936;140;79000;Doralyn;McGibbon;Conn Group;leverage seamless partnerships
406;141;87000;Robers;Roscoe;Schinner, Parker and Lindgren;leverage enterprise interfaces
413;141;90000;Robert;Woosnam;Schinner, Parker and Lindgren;leverage enterprise interfaces
386;141;89000;Leela;Petren;Schinner, Parker and Lindgren;leverage enterprise interfaces
590;141;17000;Dwayne;Ridehalgh;Schinner, Parker and Lindgren;leverage enterprise interfaces
674;141;44000;Malcolm;Cardillo;Schinner, Parker and Lindgren;leverage enterprise interfaces
746;141;83000;Kym;Kinchley;Schinner, Parker and Lindgren;leverage enterprise interfaces
156;142;65000;Susan;Bateson;Wunsch Inc;transform world-class vortals
284;142;94000;Shel;Gleasane;Wunsch Inc;transform world-class vortals
295;142;19000;Junina;Cutting;Wunsch Inc;transform world-class vortals
471;142;47000;Deny;Adolfsen;Wunsch Inc;transform world-class vortals
530;142;57000;Maude;Spadotto;Wunsch Inc;transform world-class vortals
583;142;52000;Trumaine;Ventris;Wunsch Inc;transform world-class vortals
689;142;40000;Berri;Skeffington;Wunsch Inc;transform world-class vortals
733;142;51000;Tanhya;Clementucci;Wunsch Inc;transform world-class vortals
188;143;19000;Staffard;Belchambers;Brown, Strosin and Hodkiewicz;redefine out-of-the-box web-readiness
246;143;92000;Rodolph;Hiom;Brown, Strosin and Hodkiewicz;redefine out-of-the-box web-readiness
633;143;92000;Jamima;Gayforth;Brown, Strosin and Hodkiewicz;redefine out-of-the-box web-readiness
718;143;77000;Giana;Kleinert;Brown, Strosin and Hodkiewicz;redefine out-of-the-box web-readiness
944;143;21000;Brett;Lempenny;Brown, Strosin and Hodkiewicz;redefine out-of-the-box web-readiness
187;144;36000;Peta;Vergine;Batz-Hessel;drive customized content
261;144;93000;Domeniga;Jowsey;Batz-Hessel;drive customized content
643;144;83000;Dollie;Friedman;Batz-Hessel;drive customized content
697;144;79000;Johny;Barthel;Batz-Hessel;drive customized content
720;144;45000;David;Manna;Batz-Hessel;drive customized content
790;144;10000;Sandye;Shewen;Batz-Hessel;drive customized content
798;144;29000;Hedy;Prettyjohns;Batz-Hessel;drive customized content
997;144;62000;Oswald;Kelland;Batz-Hessel;drive customized content
43;145;31000;Shelagh;MacCaghan;Murazik and Sons;recontextualize world-class initiatives
529;145;13000;Liesa;Tripney;Murazik and Sons;recontextualize world-class initiatives
572;145;82000;Klemens;Waleworke;Murazik and Sons;recontextualize world-class initiatives
639;145;55000;Hiram;Lowing;Murazik and Sons;recontextualize world-class initiatives
59;146;97000;Celestia;Beston;Donnelly and Sons;reinvent sexy vortals
95;146;13000;Donnajean;Stangoe;Donnelly and Sons;reinvent sexy vortals
221;146;75000;Tova;Pentony;Donnelly and Sons;reinvent sexy vortals
433;146;77000;Zahara;Peer;Donnelly and Sons;reinvent sexy vortals
480;146;51000;Annabell;Titchener;Donnelly and Sons;reinvent sexy vortals
464;146;86000;Dionne;Lingard;Donnelly and Sons;reinvent sexy vortals
603;146;63000;Harry;Tatersale;Donnelly and Sons;reinvent sexy vortals
340;147;73000;Sheppard;Lerway;Halvorson LLC;integrate B2B e-services
985;147;85000;Bobina;Seage;Halvorson LLC;integrate B2B e-services
4;148;14000;Babs;Farnie;Schaefer, Abshire and Beahan;utilize enterprise vortals
86;148;100000;Alyss;Evennett;Schaefer, Abshire and Beahan;utilize enterprise vortals
205;148;86000;Arie;Britcher;Schaefer, Abshire and Beahan;utilize enterprise vortals
365;148;17000;Kerri;Ronaghan;Schaefer, Abshire and Beahan;utilize enterprise vortals
732;148;60000;Dwayne;Elnaugh;Schaefer, Abshire and Beahan;utilize enterprise vortals
755;148;10000;Kelcy;Withur;Schaefer, Abshire and Beahan;utilize enterprise vortals
77;149;86000;Keelby;Yeatman;Zemlak-Berge;synergize killer users
363;149;58000;Zachery;Colthard;Zemlak-Berge;synergize killer users
504;149;33000;Filippo;O'Lunny;Zemlak-Berge;synergize killer users
694;149;45000;Staford;Shears;Zemlak-Berge;synergize killer users
740;149;88000;Dotty;Keele;Zemlak-Berge;synergize killer users
807;149;47000;Dugald;Illiston;Zemlak-Berge;synergize killer users
831;149;31000;Lilah;Cossam;Zemlak-Berge;synergize killer users
299;150;26000;Arie;Quaintance;Donnelly Group;facilitate 24/7 paradigms
298;150;72000;Adelice;Kiddie;Donnelly Group;facilitate 24/7 paradigms
378;150;55000;Jill;Hearns;Donnelly Group;facilitate 24/7 paradigms
636;150;93000;Carolee;Fancutt;Donnelly Group;facilitate 24/7 paradigms
823;150;94000;Eamon;Furmonger;Donnelly Group;facilitate 24/7 paradigms
938;150;91000;Jocko;Piper;Donnelly Group;facilitate 24/7 paradigms
74;151;32000;Buffy;Kunc;McGlynn Inc;implement scalable vortals
308;151;63000;Sutherlan;Edinboro;McGlynn Inc;implement scalable vortals
484;151;76000;Miles;Anthiftle;McGlynn Inc;implement scalable vortals
566;151;61000;Martie;Wink;McGlynn Inc;implement scalable vortals
265;152;66000;Rea;Bonnor;Will-Kuvalis;iterate granular functionalities
427;152;91000;Perla;Abelov;Will-Kuvalis;iterate granular functionalities
449;152;96000;Mayne;Grimsdith;Will-Kuvalis;iterate granular functionalities
656;152;41000;Orland;Chadband;Will-Kuvalis;iterate granular functionalities
848;152;73000;Son;Hanaby;Will-Kuvalis;iterate granular functionalities
970;152;87000;Ginni;MacGahy;Will-Kuvalis;iterate granular functionalities
115;153;11000;Clem;Frosch;Stehr Inc;recontextualize strategic e-tailers
303;154;33000;Myrle;Kitcatt;Jacobson-Pfannerstill;revolutionize magnetic infrastructures
337;154;58000;Gael;McCarver;Jacobson-Pfannerstill;revolutionize magnetic infrastructures
455;154;36000;Corella;Aleksankin;Jacobson-Pfannerstill;revolutionize magnetic infrastructures
926;154;80000;Karon;Cockill;Jacobson-Pfannerstill;revolutionize magnetic infrastructures
11;155;76000;Dennis;Perrot;Berge LLC;evolve user-centric interfaces
31;155;17000;Marlie;Hollebon;Berge LLC;evolve user-centric interfaces
393;155;86000;Joete;Bernardos;Berge LLC;evolve user-centric interfaces
617;155;31000;Melany;Baden;Berge LLC;evolve user-centric interfaces
645;155;40000;Levy;Blesing;Berge LLC;evolve user-centric interfaces
731;155;40000;Nesta;Upstone;Berge LLC;evolve user-centric interfaces
726;156;20000;Gennifer;Pinchon;Rath, Frami and Kirlin;implement magnetic metrics
799;156;19000;Josey;Oatley;Rath, Frami and Kirlin;implement magnetic metrics
833;156;41000;Gauthier;McPhee;Rath, Frami and Kirlin;implement magnetic metrics
253;157;18000;Jennica;MacKeague;Feeney LLC;cultivate cutting-edge vortals
257;157;41000;Bent;Haxley;Feeney LLC;cultivate cutting-edge vortals
333;157;19000;Daphene;Championnet;Feeney LLC;cultivate cutting-edge vortals
443;157;30000;Mill;Croydon;Feeney LLC;cultivate cutting-edge vortals
479;158;25000;Hollyanne;Novello;Hamill Inc;monetize distributed applications
669;158;50000;Agretha;Caplan;Hamill Inc;monetize distributed applications
784;158;34000;Vanny;Signe;Hamill Inc;monetize distributed applications
894;158;93000;Pavel;Shackleford;Hamill Inc;monetize distributed applications
44;159;83000;Abagail;Kinglake;Bernier Group;strategize real-time applications
92;159;48000;Pedro;Stigell;Bernier Group;strategize real-time applications
345;159;100000;Jermayne;Piburn;Bernier Group;strategize real-time applications
465;159;45000;Aida;Pankhurst.;Bernier Group;strategize real-time applications
854;159;47000;Gustaf;Hadfield;Bernier Group;strategize real-time applications
255;160;33000;Christopher;Nutley;Conroy, Vandervort and Gerhold;embrace vertical deliverables
521;160;85000;Tommie;Lissandrini;Conroy, Vandervort and Gerhold;embrace vertical deliverables
692;160;95000;Celinka;Kaesmakers;Conroy, Vandervort and Gerhold;embrace vertical deliverables
725;160;94000;Fionna;Barmadier;Conroy, Vandervort and Gerhold;embrace vertical deliverables
329;161;84000;Ringo;Papworth;Dickinson and Sons;exploit enterprise users
473;161;95000;Anselm;Dix;Dickinson and Sons;exploit enterprise users
699;161;12000;Rafaelia;Cathcart;Dickinson and Sons;exploit enterprise users
921;161;68000;Griswold;Schankel;Dickinson and Sons;exploit enterprise users
54;162;94000;Geri;Doret;Huel Inc;enable mission-critical networks
52;162;13000;Lib;Sharvill;Huel Inc;enable mission-critical networks
88;162;97000;Brennen;Tyrwhitt;Huel Inc;enable mission-critical networks
432;162;87000;Gawain;Llywarch;Huel Inc;enable mission-critical networks
561;162;33000;Addie;Royal;Huel Inc;enable mission-critical networks
792;162;65000;Kile;Darley;Huel Inc;enable mission-critical networks
213;163;12000;Elmira;Wakeham;Hickle Inc;aggregate killer e-tailers
667;163;77000;Randal;Tomovic;Hickle Inc;aggregate killer e-tailers
878;163;22000;Willow;Wilsee;Hickle Inc;aggregate killer e-tailers
36;164;77000;Shayna;Cucinotta;Goldner, Paucek and Steuber;incentivize ubiquitous methodologies
638;164;42000;Verena;Piddle;Goldner, Paucek and Steuber;incentivize ubiquitous methodologies
777;164;81000;Hirsch;Varley;Goldner, Paucek and Steuber;incentivize ubiquitous methodologies
839;164;88000;Guillaume;Vayne;Goldner, Paucek and Steuber;incentivize ubiquitous methodologies
973;164;57000;Celine;Dubock;Goldner, Paucek and Steuber;incentivize ubiquitous methodologies
158;165;13000;Giusto;Daintry;O'Keefe-Lind;repurpose user-centric interfaces
382;165;55000;Boycie;MacAless;O'Keefe-Lind;repurpose user-centric interfaces
776;165;85000;Cindelyn;Rickerby;O'Keefe-Lind;repurpose user-centric interfaces
891;165;13000;Dara;Somerset;O'Keefe-Lind;repurpose user-centric interfaces
948;165;86000;Cherice;Toler;O'Keefe-Lind;repurpose user-centric interfaces
123;166;80000;Dalenna;Tynewell;Mertz LLC;monetize dot-com methodologies
364;166;59000;Reena;Haet;Mertz LLC;monetize dot-com methodologies
415;166;68000;Jordon;Jensen;Mertz LLC;monetize dot-com methodologies
596;166;89000;Leroi;Lyst;Mertz LLC;monetize dot-com methodologies
586;166;17000;Heath;Mantione;Mertz LLC;monetize dot-com methodologies
724;166;77000;Karlik;Sellars;Mertz LLC;monetize dot-com methodologies
744;166;85000;Paxon;Fockes;Mertz LLC;monetize dot-com methodologies
844;166;23000;Maridel;Seak;Mertz LLC;monetize dot-com methodologies
978;166;43000;Neala;Houlaghan;Mertz LLC;monetize dot-com methodologies
117;167;63000;Poul;Pail;Dicki Inc;synthesize transparent paradigms
159;167;100000;Maddie;Frarey;Dicki Inc;synthesize transparent paradigms
212;168;56000;Lauraine;Rosiello;Okuneva and Sons;aggregate next-generation convergence
216;168;68000;Salome;Elphick;Okuneva and Sons;aggregate next-generation convergence
611;168;36000;Claudette;Lalor;Okuneva and Sons;aggregate next-generation convergence
665;168;25000;Brooks;Print;Okuneva and Sons;aggregate next-generation convergence
753;168;97000;Shem;Chable;Okuneva and Sons;aggregate next-generation convergence
895;168;92000;Lay;Hanne;Okuneva and Sons;aggregate next-generation convergence
7;169;61000;Isobel;Dasent;Sawayn Group;repurpose magnetic portals
30;169;89000;Marinna;Girodier;Sawayn Group;repurpose magnetic portals
91;169;19000;Billie;Gouch;Sawayn Group;repurpose magnetic portals
220;169;43000;Eyde;Synder;Sawayn Group;repurpose magnetic portals
398;169;87000;Yolanda;Chaplain;Sawayn Group;repurpose magnetic portals
679;170;29000;Tobey;Farrans;Boyer, Weissnat and Weimann;recontextualize cutting-edge synergies
712;170;11000;Fredek;Strewthers;Boyer, Weissnat and Weimann;recontextualize cutting-edge synergies
815;170;38000;Jeni;Haskell;Boyer, Weissnat and Weimann;recontextualize cutting-edge synergies
439;171;58000;Thatch;Redmayne;Gleason and Sons;expedite proactive web-readiness
774;171;41000;Ephraim;Cheer;Gleason and Sons;expedite proactive web-readiness
825;171;89000;Chauncey;Pulford;Gleason and Sons;expedite proactive web-readiness
179;172;27000;Cornelle;Nordass;Mueller Group;synthesize next-generation methodologies
317;172;90000;Blondelle;Ianniello;Mueller Group;synthesize next-generation methodologies
342;172;19000;Costa;Winter;Mueller Group;synthesize next-generation methodologies
545;172;74000;Becki;Eddisforth;Mueller Group;synthesize next-generation methodologies
778;172;27000;Elly;Chillcot;Mueller Group;synthesize next-generation methodologies
757;173;97000;Ev;McRonald;Schneider Group;deploy value-added web services
269;174;49000;Beckie;Halton;Zulauf, Mraz and Beer;reintermediate compelling initiatives
437;174;78000;Timoteo;Caseborne;Zulauf, Mraz and Beer;reintermediate compelling initiatives
594;174;87000;Kurtis;Sturdgess;Zulauf, Mraz and Beer;reintermediate compelling initiatives
767;174;35000;Missie;Haverty;Zulauf, Mraz and Beer;reintermediate compelling initiatives
787;174;10000;Eddie;Geddis;Zulauf, Mraz and Beer;reintermediate compelling initiatives
866;174;72000;Smitty;Tunnoch;Zulauf, Mraz and Beer;reintermediate compelling initiatives
1000;174;22000;Nada;Lygo;Zulauf, Mraz and Beer;reintermediate compelling initiatives
551;175;27000;Silas;McPhilip;Smith LLC;revolutionize collaborative mindshare
641;175;45000;Candie;Lenden;Smith LLC;revolutionize collaborative mindshare
942;175;54000;Sigmund;Isenor;Smith LLC;revolutionize collaborative mindshare
143;176;77000;Hope;O'Crevy;Wiza and Sons;recontextualize integrated systems
309;176;11000;Nannette;Allawy;Wiza and Sons;recontextualize integrated systems
301;176;11000;Skippy;Twidell;Wiza and Sons;recontextualize integrated systems
806;176;50000;Englebert;Gartshore;Wiza and Sons;recontextualize integrated systems
861;176;81000;Dante;Bassill;Wiza and Sons;recontextualize integrated systems
986;176;73000;Dotti;Maddocks;Wiza and Sons;recontextualize integrated systems
17;177;69000;Marla;Povlsen;Champlin LLC;synthesize 24/365 deliverables
118;177;90000;Saraann;MacSharry;Champlin LLC;synthesize 24/365 deliverables
623;177;11000;Avictor;Valerius;Champlin LLC;synthesize 24/365 deliverables
442;178;99000;Ken;Kempton;Hoppe-Leffler;orchestrate dynamic e-tailers
537;178;96000;Antonio;Carthew;Hoppe-Leffler;orchestrate dynamic e-tailers
567;178;45000;Codie;Lovelace;Hoppe-Leffler;orchestrate dynamic e-tailers
805;178;35000;Tadeas;Bohler;Hoppe-Leffler;orchestrate dynamic e-tailers
885;178;78000;Egor;Renish;Hoppe-Leffler;orchestrate dynamic e-tailers
113;179;78000;Katlin;Lanfear;Strosin, Krajcik and Pollich;target impactful supply-chains
140;179;97000;Verla;Cocks;Strosin, Krajcik and Pollich;target impactful supply-chains
228;179;66000;Binnie;Roxburgh;Strosin, Krajcik and Pollich;target impactful supply-chains
332;179;64000;Ali;Girardini;Strosin, Krajcik and Pollich;target impactful supply-chains
361;179;57000;Sheba;Eardley;Strosin, Krajcik and Pollich;target impactful supply-chains
76;180;25000;Kirk;Ellis;Mills-Treutel;target impactful eyeballs
125;180;48000;Welsh;Vicary;Mills-Treutel;target impactful eyeballs
235;180;19000;Art;Hawkeridge;Mills-Treutel;target impactful eyeballs
334;180;38000;Janey;Whall;Mills-Treutel;target impactful eyeballs
360;180;11000;Lindsey;Styche;Mills-Treutel;target impactful eyeballs
379;180;48000;Carolin;Bredes;Mills-Treutel;target impactful eyeballs
523;180;32000;Truman;Simonnot;Mills-Treutel;target impactful eyeballs
513;180;19000;Morissa;Farnaby;Mills-Treutel;target impactful eyeballs
587;180;10000;Ernaline;Maylott;Mills-Treutel;target impactful eyeballs
736;180;53000;Rori;Stennard;Mills-Treutel;target impactful eyeballs
975;180;11000;Saunderson;Gartrell;Mills-Treutel;target impactful eyeballs
107;181;65000;Barde;Bloom;Stracke Group;embrace distributed vortals
505;181;34000;Payton;Tomney;Stracke Group;embrace distributed vortals
535;181;81000;Donnell;Attrill;Stracke Group;embrace distributed vortals
688;181;99000;Rozanna;Schuricke;Stracke Group;embrace distributed vortals
955;181;87000;Emili;Westrey;Stracke Group;embrace distributed vortals
992;181;100000;Danella;Pryce;Stracke Group;embrace distributed vortals
22;182;68000;Malchy;Latchford;Beatty, Bartoletti and Quigley;scale cutting-edge users
111;182;84000;Joyce;Packman;Beatty, Bartoletti and Quigley;scale cutting-edge users
204;182;62000;Delores;Gilphillan;Beatty, Bartoletti and Quigley;scale cutting-edge users
589;182;18000;Wakefield;Pulteneye;Beatty, Bartoletti and Quigley;scale cutting-edge users
972;182;81000;Bord;Parker;Beatty, Bartoletti and Quigley;scale cutting-edge users
195;183;79000;Storm;Marusyak;Hilll, Lind and Pollich;cultivate interactive action-items
249;183;68000;Milo;Flavelle;Hilll, Lind and Pollich;cultivate interactive action-items
302;183;60000;Fitz;Oakeshott;Hilll, Lind and Pollich;cultivate interactive action-items
541;183;89000;Brook;Lowbridge;Hilll, Lind and Pollich;cultivate interactive action-items
953;183;26000;Jess;Malkie;Hilll, Lind and Pollich;cultivate interactive action-items
127;184;96000;Darelle;Giriardelli;Klein, Keeling and Walter;streamline bleeding-edge markets
542;184;94000;Malissa;Boswell;Klein, Keeling and Walter;streamline bleeding-edge markets
516;184;97000;Samson;Flatt;Klein, Keeling and Walter;streamline bleeding-edge markets
581;184;96000;Jerrilyn;Welch;Klein, Keeling and Walter;streamline bleeding-edge markets
703;184;68000;Caryl;Depper;Klein, Keeling and Walter;streamline bleeding-edge markets
827;184;17000;Gail;Cufley;Klein, Keeling and Walter;streamline bleeding-edge markets
71;185;12000;Fulvia;Klimmek;Stanton LLC;innovate vertical e-tailers
775;185;67000;Laurie;Drillingcourt;Stanton LLC;innovate vertical e-tailers
796;185;73000;Alisa;Winterbotham;Stanton LLC;innovate vertical e-tailers
990;185;99000;Farah;Schwieso;Stanton LLC;innovate vertical e-tailers
959;186;92000;Deck;Anniwell;Toy, Moen and Rippin;whiteboard ubiquitous metrics
58;187;43000;Margalo;McIlmorie;Koch, O'Conner and Crooks;syndicate killer schemas
892;187;77000;Corrie;Fitzsymons;Koch, O'Conner and Crooks;syndicate killer schemas
939;187;11000;Angy;Lassells;Koch, O'Conner and Crooks;syndicate killer schemas
500;188;30000;Lorain;Mulvany;Kutch-Stamm;deliver efficient networks
552;188;48000;Helyn;Edward;Kutch-Stamm;deliver efficient networks
601;188;42000;Loella;Ajam;Kutch-Stamm;deliver efficient networks
702;188;49000;Roxine;MacSharry;Kutch-Stamm;deliver efficient networks
837;188;35000;Kiley;Piel;Kutch-Stamm;deliver efficient networks
130;189;36000;Samara;Pringer;Tromp, Kessler and Hills;revolutionize 24/7 e-tailers
631;189;18000;Clem;Ginley;Tromp, Kessler and Hills;revolutionize 24/7 e-tailers
977;189;26000;Sonia;Falconbridge;Tromp, Kessler and Hills;revolutionize 24/7 e-tailers
20;190;39000;Pearl;Traves;Auer-Trantow;reinvent out-of-the-box methodologies
60;190;99000;Naomi;Lidyard;Auer-Trantow;reinvent out-of-the-box methodologies
903;190;89000;Kristian;Skyram;Auer-Trantow;reinvent out-of-the-box methodologies
65;191;51000;Denise;Niessen;Bauch-Lang;monetize 24/365 architectures
230;191;27000;Abbe;Blaymires;Bauch-Lang;monetize 24/365 architectures
279;191;65000;Caleb;Le Marquand;Bauch-Lang;monetize 24/365 architectures
294;191;56000;Xylia;Tuma;Bauch-Lang;monetize 24/365 architectures
585;191;75000;Shena;Grabham;Bauch-Lang;monetize 24/365 architectures
719;191;51000;Patten;Benn;Bauch-Lang;monetize 24/365 architectures
904;191;52000;Madelaine;Tebbutt;Bauch-Lang;monetize 24/365 architectures
901;191;93000;Zebadiah;Vassman;Bauch-Lang;monetize 24/365 architectures
320;192;43000;Gilberte;Swane;Heaney, Daugherty and Upton;enhance cross-media portals
357;192;87000;Cathleen;Bly;Heaney, Daugherty and Upton;enhance cross-media portals
964;192;37000;Tybalt;Prettjohn;Heaney, Daugherty and Upton;enhance cross-media portals
131;193;20000;Ashbey;Stearn;Ledner-Bednar;monetize robust web-readiness
270;193;47000;Cullen;O'Dee;Ledner-Bednar;monetize robust web-readiness
451;193;46000;Francois;Bramsen;Ledner-Bednar;monetize robust web-readiness
616;193;21000;Jarrod;Aspinall;Ledner-Bednar;monetize robust web-readiness
843;193;25000;Prinz;Yeskov;Ledner-Bednar;monetize robust web-readiness
870;193;78000;Harlin;Joice;Ledner-Bednar;monetize robust web-readiness
193;194;29000;Zia;Dudbridge;Armstrong-Kulas;strategize user-centric supply-chains
231;194;47000;Faustine;Fawcitt;Armstrong-Kulas;strategize user-centric supply-chains
624;194;24000;Gregg;Ellson;Armstrong-Kulas;strategize user-centric supply-chains
651;194;81000;Marcellus;Atkirk;Armstrong-Kulas;strategize user-centric supply-chains
971;194;92000;Alexandrina;Fletham;Armstrong-Kulas;strategize user-centric supply-chains
38;195;61000;Cori;Wegman;Herman Group;morph virtual architectures
209;195;97000;Robinet;Gauson;Herman Group;morph virtual architectures
613;195;56000;Norri;Wickins;Herman Group;morph virtual architectures
920;195;23000;Simone;Vigietti;Herman Group;morph virtual architectures
47;196;88000;Natividad;Nursey;Bogan-Kohler;empower enterprise portals
161;196;24000;Kimberlyn;Meugens;Bogan-Kohler;empower enterprise portals
341;196;59000;Emeline;Alcalde;Bogan-Kohler;empower enterprise portals
524;196;43000;Joan;Seeler;Bogan-Kohler;empower enterprise portals
563;196;70000;Keelia;Corday;Bogan-Kohler;empower enterprise portals
905;196;62000;Jillane;Albon;Bogan-Kohler;empower enterprise portals
290;197;16000;Marysa;O'Henecan;Pfeffer, Lindgren and Kreiger;drive plug-and-play content
375;197;54000;Vivian;Filimore;Pfeffer, Lindgren and Kreiger;drive plug-and-play content
495;197;78000;Marylee;Ellaway;Pfeffer, Lindgren and Kreiger;drive plug-and-play content
937;197;10000;Irena;Pomroy;Pfeffer, Lindgren and Kreiger;drive plug-and-play content
1;198;38000;Allegra;Nobes;Champlin-Erdman;e-enable impactful web-readiness
248;198;48000;Liza;Eaken;Champlin-Erdman;e-enable impactful web-readiness
620;198;77000;Godfree;Brookwood;Champlin-Erdman;e-enable impactful web-readiness
18;199;100000;Carleton;Landes;Kuvalis, Mueller and Dietrich;transform sticky experiences
554;199;36000;Kimberli;Wilfing;Kuvalis, Mueller and Dietrich;transform sticky experiences
632;199;69000;Parrnell;Kinzett;Kuvalis, Mueller and Dietrich;transform sticky experiences
834;199;46000;Gustie;Baldacco;Kuvalis, Mueller and Dietrich;transform sticky experiences
40;200;55000;Caralie;Skelbeck;Beahan, Goyette and Lowe;orchestrate back-end functionalities
80;200;85000;Isa;Stollsteiner;Beahan, Goyette and Lowe;orchestrate back-end functionalities
259;200;10000;Kacie;Sharpless;Beahan, Goyette and Lowe;orchestrate back-end functionalities
