79;1;84000;Conny;Shorey
286;1;87000;Sayer;Davidove
324;1;22000;Charley;Marjoribanks
404;1;79000;Zuzana;Collcott
652;1;59000;Tana;Haggath
126;2;99000;Adoree;Mattiato
105;2;57000;Adair;Ridesdale
262;2;43000;Stace;Brassill
457;2;16000;Candace;Seifenmacher
690;2;70000;Rae;Collabine
797;2;54000;Kare;Paul
802;2;25000;Chanda;Madden
980;2;69000;Chance;Circuit
450;3;21000;Cosette;Santen
517;3;62000;King;McVaugh
167;4;13000;Ilysa;Eldred
390;4;34000;Korry;Depport
447;4;21000;Ramon;Ronisch
454;4;30000;Maurene;Leckey
606;4;45000;Ira;Paula
791;4;97000;Etheline;Lassell
223;5;61000;Leta;Whitland
458;5;99000;Washington;Howels
124;6;65000;Fifi;Holligan
157;6;48000;Abie;Ricciardo
177;6;27000;Sinclare;Kellick
424;6;78000;Westleigh;Lepick
670;6;21000;Say;Dionsetto
728;6;60000;Kenny;Kryszkiecicz
16;7;80000;Paige;O'Dougherty
215;7;72000;Ronnica;Throssell
426;7;32000;Dari;Awty
713;7;64000;Gunther;Clorley
194;8;16000;Sergeant;Ivison
318;8;19000;Hayley;Purdie
374;8;61000;Gabbey;Paulson
553;8;52000;Liza;Crowdace
578;8;21000;Hoebart;Crutchley
879;8;72000;Ginni;Quiddihy
925;8;21000;Hally;Curman
922;8;53000;Ollie;Wintringham
963;8;17000;Linell;Haker
976;8;39000;Ashely;Vignal
326;9;14000;Lauretta;Lantaph
539;9;69000;Naoma;Grishenkov
602;9;77000;Emmet;Didsbury
591;9;96000;Berta;Gammons
811;9;92000;Allistir;Kinig
858;9;30000;Neils;McIan
67;10;83000;Sayre;Kubacki
149;10;96000;Nady;Carnaman
256;10;79000;Alwin;Lowerson
559;10;49000;Margret;Ricca
838;10;62000;Ellissa;Garnson
874;10;90000;Bing;Vuitton
102;11;29000;Cecil;Upjohn
169;11;19000;Cobbie;Aicken
498;11;44000;Pamella;Stonehouse
556;11;48000;Vannie;Kinder
588;11;29000;Nobie;Siviter
709;11;83000;Dimitri;McLay
768;11;88000;Sigfrid;Tax
984;11;86000;Ossie;Deport
998;11;54000;Gaylord;Casaccio
935;12;25000;Torrin;Mark
291;13;16000;Levon;Twyford
715;13;51000;Keefe;Terbrugge
772;13;10000;Alaine;Watkiss
884;13;83000;Finn;Strawbridge
72;14;95000;Rudy;Eads
151;14;16000;Wang;Mennear
355;14;64000;Kayle;Reavey
459;14;97000;Alane;Delieu
582;14;26000;Salaidh;Redwin
99;15;64000;Isak;Fairbairn
108;15;37000;Nana;Coultar
490;15;79000;Crissy;Bouchard
547;15;59000;Luce;Smolan
672;15;90000;Tobit;Rosen
734;15;17000;Igor;Blackshaw
832;15;34000;Cristiano;Coalburn
63;16;80000;Gavin;Pirouet
56;16;62000;Dawna;Cleve
154;16;96000;Berty;Nathon
405;16;12000;Ely;Zamboniari
408;16;34000;Sunny;Skillicorn
532;16;77000;Baillie;Ripping
607;16;10000;Emilie;Brigstock
14;17;38000;Nathanael;Foxhall
211;17;75000;Glendon;Tourot
244;17;73000;Maggie;Monnelly
448;17;70000;Darsey;Gummary
671;17;86000;Bink;Linfitt
864;17;97000;Sullivan;Kensitt
867;17;98000;Adolphe;Havill
9;18;73000;Trescha;Durbridge
224;18;21000;Laureen;Tomsen
199;18;30000;Trev;De Angelo
343;18;77000;Kaile;Klaas
570;18;52000;Oswald;Heino
705;18;30000;Karleen;Tapin
283;19;34000;Burch;Perrett
381;19;56000;Jordan;Matheson
508;19;76000;Roy;Pitbladdo
534;19;93000;Damian;Joyce
683;19;54000;Lyell;Bickardike
883;19;51000;Drona;Cissell
403;20;59000;Gualterio;Doxey
886;20;66000;Kevin;Jelleman
876;20;58000;Devan;Helsby
907;20;97000;Milly;Joselevitch
214;21;40000;Renado;Beurich
289;21;61000;Kimbra;Piche
50;22;66000;Freddie;Comello
383;22;27000;Tamiko;Jenno
821;22;60000;Gian;Marwood
906;22;28000;Arleen;Mourant
933;22;56000;Maje;Beggs
45;23;10000;Daniella;Havik
401;23;99000;Ladonna;Tschirschky
701;23;55000;Dulcinea;Scranny
716;23;65000;Ravi;Vearncombe
918;23;18000;Claudetta;Bletso
119;24;69000;Merrill;Chessman
240;24;18000;Miquela;Terzza
258;24;22000;Chastity;Woodyer
362;24;39000;Odette;Saltrese
869;24;98000;Lena;Dutt
281;25;81000;Stanwood;Tomsen
509;25;50000;Wilfrid;Goslin
655;25;41000;Birdie;Swanton
814;25;86000;Thorny;Alleyn
137;26;64000;Christiano;Davidovsky
277;26;20000;Marcellus;Grubey
503;26;50000;Halsey;Gandley
548;26;50000;Ab;Held
625;26;92000;Kingsly;Lightollers
803;26;61000;Skipp;Stooke
139;27;66000;Kaia;Learned
233;27;31000;Fiann;Kleewein
305;27;89000;Barbey;Stothert
397;27;25000;Leanna;Isted
628;27;67000;Thibaut;O'Hagirtie
763;27;86000;Tiphany;Nise
993;27;39000;Noland;Schistl
168;28;31000;Morie;Alderson
285;28;72000;Allen;Deerness
349;28;20000;Harry;Pittoli
462;28;24000;Zola;Cheale
676;28;47000;Verina;Culver
789;28;79000;Carina;Brandsma
352;29;31000;Mason;Spieck
491;29;26000;Ives;Medley
666;29;71000;Zachary;Hopfner
687;29;21000;Deny;Organ
881;29;67000;Sarita;Blumsom
896;29;77000;Pacorro;Greenway
880;29;37000;Clementia;Bernardelli
958;29;95000;Mufi;Van der Kruis
141;30;96000;Annetta;Maud
418;30;57000;Della;Bartot
510;30;18000;Xenia;Astlatt
994;30;46000;Letisha;Saunder
325;31;19000;Johann;Martschke
13;32;47000;Luella;Tinsey
469;32;70000;Sybila;Tozer
646;32;11000;Renard;Mellenby
677;32;39000;Willy;Maddicks
29;33;25000;Gaultiero;Arbor
35;33;85000;Nessie;Hardwidge
145;33;85000;Tanner;Bellie
185;33;91000;Elene;Vannikov
331;33;67000;Nichol;Abrahamian
400;33;93000;Opalina;Merveille
659;33;10000;Davey;McVitty
766;33;60000;Rab;Conechie
762;33;55000;Tallou;Rens
915;33;44000;Tiffi;Iggalden
96;34;90000;Caryl;Gale
106;34;47000;Cristine;Kamall
229;34;13000;Fletcher;Baitey
422;34;99000;Britt;Goodday
452;34;29000;Sansone;Aksell
492;34;11000;Hailee;Pinnegar
573;34;76000;Lina;Hebbes
580;34;60000;Cherise;Luc
856;34;37000;Rikki;Ellph
847;34;31000;Panchito;Moyle
371;35;39000;Pearla;Chattey
368;35;28000;Odilia;Haylor
745;35;92000;Belia;Surcombe
619;36;80000;Leese;Dwyr
691;36;55000;Benjamen;Kindell
863;36;31000;Alla;Gillie
251;37;65000;Janetta;Chown
78;38;55000;Olia;Stillert
101;38;49000;Cirillo;Shine
146;38;52000;Marina;Quickfall
252;38;88000;Nissa;Rubinshtein
296;38;59000;Rodge;Tibald
344;38;82000;Stephanus;Gilligan
412;38;94000;Rafael;Gerin
707;38;77000;Wendi;Fenne
313;39;64000;April;Cucuzza
384;39;73000;Ebba;Balogun
376;39;60000;Ondrea;Shoppee
380;39;83000;Nannie;Pauluzzi
544;39;54000;Emory;Rao
810;39;55000;Harald;Giacobo
940;39;11000;Irving;Cortin
129;40;34000;Jaclyn;Petroselli
191;40;47000;Delinda;Kippie
367;40;89000;Wain;Grabeham
693;40;43000;Eleanore;Whalley
820;40;44000;Mord;Ducker
999;40;34000;Boyd;Birdwhistell
69;41;36000;Hammad;FitzGibbon
287;41;52000;Florette;Bode
502;41;94000;Cherianne;Critchley
640;41;22000;Dante;Bon
855;41;67000;Redford;Corkish
960;41;21000;Christina;Jankovic
133;42;77000;Ardene;Gerrietz
174;42;45000;Blake;O'Kennedy
321;42;44000;Sid;Phalp
430;42;98000;Will;Gosnay
460;42;19000;Nial;Buer
686;42;36000;Jory;Januszewski
747;42;97000;Vera;Braney
860;42;100000;Morris;Danilyak
55;43;34000;Fin;Swarbrigg
242;43;85000;Denis;Tsar
399;43;73000;Joey;Phebey
481;43;55000;Gabriello;Hemmingway
549;43;65000;Carolin;Sewter
629;43;100000;Delcine;Tedahl
644;43;92000;Briney;Napper
801;43;71000;Federica;Bruff
943;43;38000;Tracy;Diviny
511;44;27000;Perrine;Scammell
780;44;91000;Sinclair;Dene
966;44;97000;Adelina;Foy
104;45;84000;Westleigh;Landreth
522;45;48000;Bernette;Rowson
635;45;14000;Daniele;Doust
647;45;57000;Gladi;Gwinn
650;45;20000;Kordula;Noon
673;45;76000;Rikki;Ruddell
685;45;51000;Ferguson;Boole
951;45;57000;Dewitt;Devanney
62;46;40000;Harris;Parslow
304;46;91000;Filberto;Bound
850;46;26000;Valentia;Phinn
428;47;75000;Sallee;Sarver
478;47;93000;Cristen;Dows
520;47;35000;Kahaleel;Gawthorp
788;47;77000;Emerson;Brashier
338;48;100000;Dacey;Lodemann
488;48;83000;Padgett;Alenichev
698;48;39000;Bella;De Domenicis
813;48;72000;Candy;Caston
819;48;85000;Margeaux;Van Hove
859;48;62000;Allyson;Karpol
175;49;12000;Kale;Yakuntsov
431;49;81000;Minor;MacMorland
630;49;54000;Drew;McElree
800;49;58000;Jarad;Inge
786;49;40000;Judas;Powlesland
956;49;89000;Doti;Bowman
24;50;60000;Ambrosius;Stocken
247;50;11000;Mahmud;Ewestace
385;50;85000;Farrel;Fearfull
489;51;49000;Rolland;Riggs
675;51;80000;Earlie;Mandy
875;51;91000;Charley;Wattins
64;52;50000;Chaunce;Savell
359;52;29000;Shannon;Epelett
967;52;41000;Karry;Coit
25;53;64000;Leisha;Norcutt
90;53;15000;Jacqui;Money
254;53;67000;Teodoor;Martel
499;53;98000;Phaidra;Niezen
507;53;25000;Emile;Sloss
760;53;86000;Early;Miettinen
853;53;35000;Trevor;Cona
314;54;78000;Tyler;Ivashnyov
577;54;43000;Cyril;Wagerfield
809;54;97000;Averil;Klimas
822;54;34000;Roberta;Asquez
132;55;54000;Marcel;Labarre
239;55;41000;Cindy;Goodredge
282;55;61000;Janaye;Hollyar
467;55;56000;Jacynth;Stodart
902;55;82000;Elberta;Giral
932;55;10000;Gertrude;Angrave
181;56;46000;Wilhelm;Emmanuel
267;56;21000;Theobald;Cupper
410;56;29000;Modesty;Jorio
485;56;24000;Elisabetta;Penkman
739;56;68000;Kristine;Di Biasi
982;56;99000;Waylin;Walsh
272;57;65000;Willie;Sellek
605;57;80000;Alwin;Scobbie
706;57;72000;Gianina;Bater
962;57;82000;Sophie;Kinzel
274;58;48000;Rafaelia;Pierucci
370;58;33000;Mill;Erbain
727;58;27000;Marrissa;Gosz
954;58;26000;Annabal;Durgan
53;59;80000;Dallas;D'Alessandro
46;59;39000;Doyle;Traylen
180;59;81000;Liesa;Geerits
407;59;91000;Ailey;Kemet
456;59;95000;Omero;Ornillos
446;60;93000;Berna;Neubigin
562;60;48000;Staford;Scrivener
995;60;76000;Celisse;Cossom
166;61;35000;Reyna;de Clerc
372;61;12000;Ingram;Escalero
73;62;66000;Livvyy;Yakubowicz
100;62;16000;Misha;Edmand
110;62;72000;Deane;Giffaut
210;62;43000;Hagan;McTiernan
515;62;66000;Sally;Manvell
3;63;88000;Leena;Turfrey
138;63;98000;Donelle;Mepham
206;63;87000;Jules;Serridge
196;63;67000;Cybill;Hallagan
392;63;75000;Simone;Woolard
419;63;26000;Addy;Baudins
604;63;57000;Foss;Loude
153;64;62000;Felice;Minichi
178;64;37000;Nettie;Gowdridge
642;64;38000;Austina;Dmitrienko
917;64;12000;Farley;Collister
952;64;14000;Marnie;Tindle
155;65;19000;Evey;Pim
377;65;86000;Willi;Hurch
475;65;25000;Marlene;Thorius
989;65;60000;Coleman;Cromarty
33;66;77000;Lira;Whilder
429;66;12000;Mace;Strotton
708;66;16000;Griffy;Gingell
817;66;98000;Chris;Vennart
826;66;57000;Roana;Pennacci
226;67;58000;Alex;Clyburn
779;67;77000;Jemima;Fleming
543;68;17000;Diahann;Gommowe
769;68;48000;Claresta;Lacase
924;68;97000;Melinde;Linzee
276;69;10000;Stephan;Toms
421;69;12000;Xavier;Haddock
466;69;35000;Ezequiel;Massingberd
5;70;15000;Jeane;Briddock
6;70;12000;Garik;Duham
190;70;88000;Rheta;Seldon
336;70;45000;Ondrea;Vyvyan
444;70;92000;Emmet;Aberdalgy
288;71;33000;Adi;Castelletto
292;71;62000;Burl;Pybus
366;71;42000;Bryn;Winny
411;71;88000;Alasteir;Leban
612;71;29000;Boris;Emlyn
950;71;40000;Johnathon;Crilly
15;72;33000;Mindy;Meachen
528;72;40000;Pyotr;Worral
862;72;13000;Melissa;Lafoy
889;72;20000;Devinne;Corris
135;73;93000;Skelly;Stolworthy
152;73;71000;Ruperto;Vela
234;73;79000;Ayn;Gersam
273;73;62000;Jenni;O'Doherty
263;73;26000;Amye;Seago
310;73;94000;Angelle;Stapels
615;73;84000;Marve;Humpherson
849;73;20000;Carlye;Menpes
947;73;85000;Octavius;Bratley
112;74;65000;Maitilde;Fargher
893;74;93000;Sander;Skivington
232;75;86000;Aprilette;Powrie
335;75;10000;Romola;Hucknall
579;75;62000;Arnuad;Radborn
600;75;96000;Erma;Huburn
714;75;18000;Brigida;Duchart
996;75;59000;Verge;Alasdair
49;76;58000;Herta;Faust
144;76;26000;Muhammad;Lillecrop
278;76;89000;Herbert;Irvin
346;76;54000;Beaufort;Tingey
910;76;46000;Kaiser;Espinazo
981;76;100000;Tedda;Crooks
8;77;43000;Juliette;Huyton
202;77;84000;Marleen;Gook
260;77;35000;Jarad;Gough
280;77;17000;Drud;Petrou
514;77;16000;Sally;Stelle
857;77;33000;Tibold;Wratten
961;77;96000;Binny;Janicek
969;77;19000;Mac;Marsy
61;78;71000;Benyamin;Shimmings
293;78;24000;Sybille;Batman
420;78;21000;Elfrieda;Shiels
483;78;17000;Min;Hallums
550;78;54000;Marney;Nutman
681;78;63000;Goddart;Beedon
919;78;16000;Skippy;Hargie
2;79;96000;Aleen;Rosenthal
41;79;44000;Herculie;Garvan
395;79;37000;Amalia;Brennenstuhl
414;79;25000;Annissa;Guitonneau
575;79;75000;Daisie;Latey
704;79;94000;Bert;Krimmer
808;79;29000;Cassie;Harries
23;80;32000;Renato;Seckom
373;80;62000;Bertrand;Huortic
461;80;25000;Bamby;Shwenn
533;80;90000;Phylys;Rennels
128;81;60000;Alejoa;Baunton
192;81;33000;Essa;Kits
435;81;81000;Orrin;Millen
610;81;95000;Aloise;Faucett
748;81;15000;Lizbeth;Duding
899;81;58000;Eustace;Lilywhite
929;81;66000;Milissent;Sandford
189;82;86000;Sabra;Fogarty
354;82;24000;Livvyy;Ruslen
389;82;79000;Benjy;Boddy
425;82;53000;Wilma;Coulling
434;82;60000;Elisha;Cully
482;82;57000;Janette;Elgram
845;82;74000;Ibrahim;Shellum
882;82;63000;Randie;Hallows
987;82;58000;Lee;Odde
609;83;40000;Brandea;Jeremiah
319;84;65000;Meggi;Gagin
391;84;14000;Barbabra;Alvin
897;84;27000;Terence;Grebbin
82;85;23000;Riley;De Bruijne
109;85;10000;Natalina;Onge
134;85;44000;Rustin;Deniskevich
184;85;33000;Llywellyn;Mournian
237;85;95000;Cornela;McClory
595;85;25000;Mandi;Desouza
765;85;97000;Northrop;Trusty
812;85;43000;Loreen;Westcar
909;85;25000;Myra;Whitchurch
120;86;47000;Lindsy;Auty
114;86;36000;June;Byneth
147;86;52000;Rem;Tofanelli
150;86;74000;Leann;Batchellor
200;86;81000;Vassily;Beckhouse
497;86;84000;Johna;Kunisch
494;86;19000;Robenia;Cashley
540;86;91000;Johnna;Faccini
737;86;49000;Doe;Ianiello
930;86;60000;Robinet;Gladhill
57;87;83000;Broddy;Pasley
222;87;19000;Liliane;Duval
307;87;63000;Consolata;Linney
348;87;75000;Malvina;Dybell
682;87;85000;Keen;Murrison
750;87;14000;Courtnay;Poinsett
316;88;93000;Anett;Cassell
477;88;24000;Elene;Ianno
496;88;71000;Venus;Knapper
816;88;31000;Jennica;Januszewski
217;89;94000;Jennine;Chorley
197;89;70000;Sammie;Baunton
347;89;23000;Samara;Kevane
649;89;91000;Tana;Longdon
888;89;15000;Abbie;Allicock
350;90;85000;Griswold;Cutmore
626;90;11000;Evangelia;Abelov
661;90;55000;Gaylor;Briscoe
829;90;66000;Baldwin;Worviell
576;91;47000;Marcos;Varvara
571;91;92000;Laurens;Giorgiutti
749;91;32000;Livvy;Halso
81;92;80000;Heriberto;Salling
207;92;35000;Stacia;Keri
751;92;33000;Elena;Truelock
84;93;70000;Melina;Goodyer
470;93;49000;Kylila;Bonifant
658;93;54000;Lea;Adami
678;93;94000;Uri;Comsty
934;93;57000;Iosep;Dufaire
51;94;56000;Tiler;O'Kieran
531;94;51000;Sebastiano;Blaver
738;94;50000;Barri;Hardan
34;95;98000;Carrie;Lampard
98;95;71000;Alessandro;Ather
396;95;51000;Shirley;Widmoor
402;95;83000;Franciskus;Matisse
527;95;42000;Eliot;Poacher
695;95;32000;Sheelagh;Coltart
868;95;69000;Basile;Chalkly
37;96;47000;Brad;Daine
94;96;68000;Alvy;Enrrico
322;96;53000;Cletis;Threadgill
493;96;17000;Lauren;Collingwood
912;96;41000;Morie;Lamputt
506;97;24000;Ranice;Bearblock
759;97;55000;Drugi;Durrett
949;97;18000;Clayborne;Lardner
965;97;17000;Albertina;Prevost
89;98;85000;Hurley;Seaborn
165;98;47000;Briney;Chasen
245;98;12000;Roseanna;Jarrard
436;98;93000;Leandra;Grewcock
486;98;61000;Sebastiano;Pudsall
770;98;31000;Charis;Yegorovnin
203;99;47000;Arch;Bust
356;99;81000;Joseph;Bowser
898;99;64000;Devin;Sinkinson
440;100;16000;Roberta;Goold
468;100;58000;Cheslie;Trevain
785;100;35000;Ingemar;Espy
593;101;50000;Gratiana;Giamitti
653;101;74000;Bud;Pikhno
663;101;63000;Bren;Skeermer
512;102;63000;Raff;Mooreed
711;102;40000;Hedvige;Worlock
758;102;100000;Jenine;Trusler
988;102;30000;Clayborne;Seebert
93;103;35000;Elora;Myatt
163;103;82000;Ashly;Firidolfi
164;103;65000;Madeleine;Croyden
416;103;79000;Rae;Surtees
592;103;79000;Tait;Mushawe
793;103;90000;Aurie;Attwill
877;103;25000;Junina;Grigolashvill
417;104;31000;Vittorio;Aldiss
463;104;77000;Andrew;Sarjant
569;104;36000;Mariann;Duckerin
597;104;64000;Augustus;McGerraghty
911;104;20000;Modesta;Verbruggen
648;105;71000;Garvey;Vockings
660;105;69000;Brena;Towne
761;105;85000;Jud;Mortell
974;105;78000;Enrika;Orht
186;106;51000;Peggie;Barthod
394;106;86000;Cleavland;Ferry
741;106;94000;Carlin;Harsnep
70;107;20000;Jarrad;Simmig
219;107;66000;Lev;Tome
614;107;14000;Clare;Karppi
654;107;92000;Walt;Heinl
664;107;13000;Hillyer;Hilland
890;107;35000;Melly;Ewestace
48;108;47000;Marlena;Boomes
668;108;29000;Humfried;Aplin
742;108;36000;Norene;Boothroyd
923;108;48000;Ebony;Pratton
983;108;91000;Ynes;Ruslen
176;109;26000;Nettie;Healks
266;109;51000;Adara;Dybald
264;109;51000;Vivyan;Sharpus
453;109;75000;Jelene;Veighey
518;109;26000;Ernest;Carlick
608;109;85000;Carola;Bortoloni
752;109;10000;Staford;Crew
756;109;31000;Rozelle;Levane
771;109;97000;Lenore;Wardell
835;109;38000;Ferguson;de Banke
182;110;30000;Doti;Chaddock
183;110;22000;Parke;Jiruch
225;110;65000;Estelle;Betser
243;110;62000;Yardley;Seson
369;110;54000;Cordey;Biesty
722;110;60000;Connor;Mattiazzo
568;111;80000;Karl;Dunkersley
142;112;81000;Zach;Rackham
627;112;86000;Florida;Nickless
75;113;52000;Tersina;Pafford
250;113;94000;Nevil;Thurley
441;113;67000;Issie;Lovstrom
487;113;68000;Ami;Poulsum
723;113;30000;Talyah;Bosson
842;113;74000;Pennie;Guerola
945;113;66000;Berny;Fudger
928;114;26000;Edita;Rosbottom
68;115;54000;Shep;Coonihan
201;115;69000;Bambie;Cains
555;115;60000;Jeanelle;Marcinkus
794;115;65000;Bari;Martinson
946;115;97000;Lauren;Beaford
957;115;58000;Frasco;Van de Castele
83;116;56000;Stan;Walklate
328;116;10000;Bary;Mullins
445;116;74000;Lena;Genicke
824;116;35000;Zaria;McPeeters
27;117;56000;Kim;Salmoni
19;117;84000;Rockey;MacCurlye
358;117;12000;Valentia;Maase
764;117;89000;Konstantin;McAndrew
908;117;51000;Spense;Vamplew
28;118;11000;Davin;Candish
172;118;91000;Lydon;Dowd
236;118;42000;Crissy;Pillifant
315;118;60000;Alphonse;Stolworthy
306;118;69000;Ramon;MacGown
710;118;46000;Yehudit;Esome
743;118;65000;Jeffrey;Paulsen
438;119;95000;Lonny;McNay
634;119;100000;Renault;Minchin
914;119;49000;Jyoti;Rayman
351;120;55000;Gram;Von Brook
519;120;73000;Tuck;Stoyle
754;120;18000;Staford;Gason
852;120;31000;Domini;Omar
26;121;91000;Neville;Brugden
241;121;16000;Heidie;Ridsdole
557;121;66000;Cammy;Bernardin
684;121;59000;Meyer;Renish
841;121;95000;Alfi;Fusedale
916;121;26000;Katha;Giercke
208;122;90000;Armstrong;Vamplew
311;122;15000;Natalina;Mallion
387;122;77000;Heindrick;Younger
474;122;74000;Trish;Geldeard
536;122;40000;Nathanial;Ornils
830;122;93000;Caritta;Macconachy
836;122;28000;Andria;Adnett
353;123;64000;Pietra;Caustic
526;123;75000;Claiborne;Jurkowski
584;123;64000;Karlik;Danks
21;124;77000;Hertha;Butt Gow
66;124;11000;Bonny;Atterley
662;124;74000;Niko;Mersh
783;124;18000;Mei;Yuille
828;124;60000;Susann;Masdin
846;124;44000;Delilah;Ongin
865;124;22000;Nathanael;Chadwen
116;125;78000;Briano;Woolager
170;125;33000;April;Wythill
657;125;19000;Marv;Stains
696;125;38000;Danie;Shrieves
873;125;97000;Caye;Ambrose
717;126;22000;Gare;Timny
900;126;10000;Jinny;Lindgren
218;127;37000;Kamila;Gerrietz
300;127;39000;Dannie;Cheyney
700;127;25000;Tracie;Carnock
804;127;34000;Daile;Licas
10;128;82000;Bryce;Guiton
565;128;96000;Henry;Jolliffe
680;128;80000;Justin;McCurlye
729;128;26000;Alasteir;Scutter
795;128;18000;Sher;Withull
818;128;54000;Wendi;Tradewell
42;129;91000;Quinn;Murcott
103;129;43000;Amandie;Lisciandri
198;129;13000;Eugenie;Church
227;129;20000;Caldwell;O'Carran
730;129;27000;Mora;Yakovl
872;129;78000;Benedick;Bramhall
913;129;65000;Iseabal;Garvagh
97;130;18000;Adan;Sheldrake
268;130;74000;Reginald;Stoffel
538;130;54000;Blancha;Rief
546;130;44000;Fidole;Negal
781;130;21000;Juline;Stickland
327;131;37000;Ilaire;Driutti
476;131;26000;Morena;Evangelinos
501;131;72000;Aubine;Pridding
564;131;39000;Eve;Broster
558;131;82000;Juan;McTerlagh
598;131;46000;Horst;Phair
721;131;57000;Earl;Lilburne
773;131;29000;Charita;Robart
851;131;45000;Pierre;Pizer
275;132;96000;Rosa;Franschini
312;132;25000;Clerissa;Stilgo
330;132;21000;Cristionna;Whitwam
472;132;27000;West;O' Flaherty
173;133;53000;Maxy;Reijmers
339;133;93000;Trish;Letixier
560;133;56000;De witt;Tuft
599;133;66000;Briant;Thorogood
968;133;38000;Shayna;Kirtland
87;134;90000;Gregoire;Lenihan
525;134;46000;Chickie;Murdie
840;134;10000;Merrel;Rathe
927;134;98000;Darcy;Kunat
979;134;65000;Eric;Duignan
121;135;23000;Sadella;Izacenko
622;135;69000;Zebulen;Wrennall
871;135;52000;Kerianne;Langcastle
32;136;85000;Marcelo;Lerohan
85;136;28000;Katie;Marklin
122;136;28000;Rickie;McPhillips
162;136;46000;Nye;Clewett
238;136;61000;Gabbi;Griss
621;136;77000;Tina;Cominello
735;136;66000;Cori;Oertzen
148;137;20000;Gabriel;Einchcombe
271;137;84000;Hobey;Eastes
323;137;75000;Fons;Bonnier
409;137;19000;Cam;Jeckell
388;137;18000;Hortense;Camel
618;137;84000;Rourke;Attride
782;137;38000;Malinde;Merrington
931;137;94000;Hubie;Lindenman
39;138;27000;Legra;Chiles
136;138;39000;Fanny;Iskower
171;138;20000;Hervey;Breem
991;138;60000;Editha;Dowsey
12;139;13000;Thomas;Winger
160;139;88000;Sasha;Chipp
887;139;32000;Randolf;Sharply
941;139;97000;Janeva;Kirby
297;140;24000;Lidia;Richin
423;140;49000;Darell;Cullingworth
574;140;24000;Babs;Testin
637;140;79000;Torey;Bunstone
936;140;79000;Doralyn;McGibbon
406;141;87000;Robers;Roscoe
413;141;90000;Robert;Woosnam
386;141;89000;Leela;Petren
590;141;17000;Dwayne;Ridehalgh
674;141;44000;Malcolm;Cardillo
746;141;83000;Kym;Kinchley
156;142;65000;Susan;Bateson
284;142;94000;Shel;Gleasane
295;142;19000;Junina;Cutting
471;142;47000;Deny;Adolfsen
530;142;57000;Maude;Spadotto
583;142;52000;Trumaine;Ventris
689;142;40000;Berri;Skeffington
733;142;51000;Tanhya;Clementucci
188;143;19000;Staffard;Belchambers
246;143;92000;Rodolph;Hiom
633;143;92000;Jamima;Gayforth
718;143;77000;Giana;Kleinert
944;143;21000;Brett;Lempenny
187;144;36000;Peta;Vergine
261;144;93000;Domeniga;Jowsey
643;144;83000;Dollie;Friedman
697;144;79000;Johny;Barthel
720;144;45000;David;Manna
790;144;10000;Sandye;Shewen
798;144;29000;Hedy;Prettyjohns
997;144;62000;Oswald;Kelland
43;145;31000;Shelagh;MacCaghan
529;145;13000;Liesa;Tripney
572;145;82000;Klemens;Waleworke
639;145;55000;Hiram;Lowing
59;146;97000;Celestia;Beston
95;146;13000;Donnajean;Stangoe
221;146;75000;Tova;Pentony
433;146;77000;Zahara;Peer
480;146;51000;Annabell;Titchener
464;146;86000;Dionne;Lingard
603;146;63000;Harry;Tatersale
340;147;73000;Sheppard;Lerway
985;147;85000;Bobina;Seage
4;148;14000;Babs;Farnie
86;148;100000;Alyss;Evennett
205;148;86000;Arie;Britcher
365;148;17000;Kerri;Ronaghan
732;148;60000;Dwayne;Elnaugh
755;148;10000;Kelcy;Withur
77;149;86000;Keelby;Yeatman
363;149;58000;Zachery;Colthard
504;149;33000;Filippo;O'Lunny
694;149;45000;Staford;Shears
740;149;88000;Dotty;Keele
807;149;47000;Dugald;Illiston
831;149;31000;Lilah;Cossam
299;150;26000;Arie;Quaintance
298;150;72000;Adelice;Kiddie
378;150;55000;Jill;Hearns
636;150;93000;Carolee;Fancutt
823;150;94000;Eamon;Furmonger
938;150;91000;Jocko;Piper
74;151;32000;Buffy;Kunc
308;151;63000;Sutherlan;Edinboro
484;151;76000;Miles;Anthiftle
566;151;61000;Martie;Wink
265;152;66000;Rea;Bonnor
427;152;91000;Perla;Abelov
449;152;96000;Mayne;Grimsdith
656;152;41000;Orland;Chadband
848;152;73000;Son;Hanaby
970;152;87000;Ginni;MacGahy
115;153;11000;Clem;Frosch
303;154;33000;Myrle;Kitcatt
337;154;58000;Gael;McCarver
455;154;36000;Corella;Aleksankin
926;154;80000;Karon;Cockill
11;155;76000;Dennis;Perrot
31;155;17000;Marlie;Hollebon
393;155;86000;Joete;Bernardos
617;155;31000;Melany;Baden
645;155;40000;Levy;Blesing
731;155;40000;Nesta;Upstone
726;156;20000;Gennifer;Pinchon
799;156;19000;Josey;Oatley
833;156;41000;Gauthier;McPhee
253;157;18000;Jennica;MacKeague
257;157;41000;Bent;Haxley
333;157;19000;Daphene;Championnet
443;157;30000;Mill;Croydon
479;158;25000;Hollyanne;Novello
669;158;50000;Agretha;Caplan
784;158;34000;Vanny;Signe
894;158;93000;Pavel;Shackleford
44;159;83000;Abagail;Kinglake
92;159;48000;Pedro;Stigell
345;159;100000;Jermayne;Piburn
465;159;45000;Aida;Pankhurst.
854;159;47000;Gustaf;Hadfield
255;160;33000;Christopher;Nutley
521;160;85000;Tommie;Lissandrini
692;160;95000;Celinka;Kaesmakers
725;160;94000;Fionna;Barmadier
329;161;84000;Ringo;Papworth
473;161;95000;Anselm;Dix
699;161;12000;Rafaelia;Cathcart
921;161;68000;Griswold;Schankel
54;162;94000;Geri;Doret
52;162;13000;Lib;Sharvill
88;162;97000;Brennen;Tyrwhitt
432;162;87000;Gawain;Llywarch
561;162;33000;Addie;Royal
792;162;65000;Kile;Darley
213;163;12000;Elmira;Wakeham
667;163;77000;Randal;Tomovic
878;163;22000;Willow;Wilsee
36;164;77000;Shayna;Cucinotta
638;164;42000;Verena;Piddle
777;164;81000;Hirsch;Varley
839;164;88000;Guillaume;Vayne
973;164;57000;Celine;Dubock
158;165;13000;Giusto;Daintry
382;165;55000;Boycie;MacAless
776;165;85000;Cindelyn;Rickerby
891;165;13000;Dara;Somerset
948;165;86000;Cherice;Toler
123;166;80000;Dalenna;Tynewell
364;166;59000;Reena;Haet
415;166;68000;Jordon;Jensen
596;166;89000;Leroi;Lyst
586;166;17000;Heath;Mantione
724;166;77000;Karlik;Sellars
744;166;85000;Paxon;Fockes
844;166;23000;Maridel;Seak
978;166;43000;Neala;Houlaghan
117;167;63000;Poul;Pail
159;167;100000;Maddie;Frarey
212;168;56000;Lauraine;Rosiello
216;168;68000;Salome;Elphick
611;168;36000;Claudette;Lalor
665;168;25000;Brooks;Print
753;168;97000;Shem;Chable
895;168;92000;Lay;Hanne
7;169;61000;Isobel;Dasent
30;169;89000;Marinna;Girodier
91;169;19000;Billie;Gouch
220;169;43000;Eyde;Synder
398;169;87000;Yolanda;Chaplain
679;170;29000;Tobey;Farrans
712;170;11000;Fredek;Strewthers
815;170;38000;Jeni;Haskell
439;171;58000;Thatch;Redmayne
774;171;41000;Ephraim;Cheer
825;171;89000;Chauncey;Pulford
179;172;27000;Cornelle;Nordass
317;172;90000;Blondelle;Ianniello
342;172;19000;Costa;Winter
545;172;74000;Becki;Eddisforth
778;172;27000;Elly;Chillcot
757;173;97000;Ev;McRonald
269;174;49000;Beckie;Halton
437;174;78000;Timoteo;Caseborne
594;174;87000;Kurtis;Sturdgess
767;174;35000;Missie;Haverty
787;174;10000;Eddie;Geddis
866;174;72000;Smitty;Tunnoch
1000;174;22000;Nada;Lygo
551;175;27000;Silas;McPhilip
641;175;45000;Candie;Lenden
942;175;54000;Sigmund;Isenor
143;176;77000;Hope;O'Crevy
309;176;11000;Nannette;Allawy
301;176;11000;Skippy;Twidell
806;176;50000;Englebert;Gartshore
861;176;81000;Dante;Bassill
986;176;73000;Dotti;Maddocks
17;177;69000;Marla;Povlsen
118;177;90000;Saraann;MacSharry
623;177;11000;Avictor;Valerius
442;178;99000;Ken;Kempton
537;178;96000;Antonio;Carthew
567;178;45000;Codie;Lovelace
805;178;35000;Tadeas;Bohler
885;178;78000;Egor;Renish
113;179;78000;Katlin;Lanfear
140;179;97000;Verla;Cocks
228;179;66000;Binnie;Roxburgh
332;179;64000;Ali;Girardini
361;179;57000;Sheba;Eardley
76;180;25000;Kirk;Ellis
125;180;48000;Welsh;Vicary
235;180;19000;Art;Hawkeridge
334;180;38000;Janey;Whall
360;180;11000;Lindsey;Styche
379;180;48000;Carolin;Bredes
523;180;32000;Truman;Simonnot
513;180;19000;Morissa;Farnaby
587;180;10000;Ernaline;Maylott
736;180;53000;Rori;Stennard
975;180;11000;Saunderson;Gartrell
107;181;65000;Barde;Bloom
505;181;34000;Payton;Tomney
535;181;81000;Donnell;Attrill
688;181;99000;Rozanna;Schuricke
955;181;87000;Emili;Westrey
992;181;100000;Danella;Pryce
22;182;68000;Malchy;Latchford
111;182;84000;Joyce;Packman
204;182;62000;Delores;Gilphillan
589;182;18000;Wakefield;Pulteneye
972;182;81000;Bord;Parker
195;183;79000;Storm;Marusyak
249;183;68000;Milo;Flavelle
302;183;60000;Fitz;Oakeshott
541;183;89000;Brook;Lowbridge
953;183;26000;Jess;Malkie
127;184;96000;Darelle;Giriardelli
542;184;94000;Malissa;Boswell
516;184;97000;Samson;Flatt
581;184;96000;Jerrilyn;Welch
703;184;68000;Caryl;Depper
827;184;17000;Gail;Cufley
71;185;12000;Fulvia;Klimmek
775;185;67000;Laurie;Drillingcourt
796;185;73000;Alisa;Winterbotham
990;185;99000;Farah;Schwieso
959;186;92000;Deck;Anniwell
58;187;43000;Margalo;McIlmorie
892;187;77000;Corrie;Fitzsymons
939;187;11000;Angy;Lassells
500;188;30000;Lorain;Mulvany
552;188;48000;Helyn;Edward
601;188;42000;Loella;Ajam
702;188;49000;Roxine;MacSharry
837;188;35000;Kiley;Piel
130;189;36000;Samara;Pringer
631;189;18000;Clem;Ginley
977;189;26000;Sonia;Falconbridge
20;190;39000;Pearl;Traves
60;190;99000;Naomi;Lidyard
903;190;89000;Kristian;Skyram
65;191;51000;Denise;Niessen
230;191;27000;Abbe;Blaymires
279;191;65000;Caleb;Le Marquand
294;191;56000;Xylia;Tuma
585;191;75000;Shena;Grabham
719;191;51000;Patten;Benn
904;191;52000;Madelaine;Tebbutt
901;191;93000;Zebadiah;Vassman
320;192;43000;Gilberte;Swane
357;192;87000;Cathleen;Bly
964;192;37000;Tybalt;Prettjohn
131;193;20000;Ashbey;Stearn
270;193;47000;Cullen;O'Dee
451;193;46000;Francois;Bramsen
616;193;21000;Jarrod;Aspinall
843;193;25000;Prinz;Yeskov
870;193;78000;Harlin;Joice
193;194;29000;Zia;Dudbridge
231;194;47000;Faustine;Fawcitt
624;194;24000;Gregg;Ellson
651;194;81000;Marcellus;Atkirk
971;194;92000;Alexandrina;Fletham
38;195;61000;Cori;Wegman
209;195;97000;Robinet;Gauson
613;195;56000;Norri;Wickins
920;195;23000;Simone;Vigietti
47;196;88000;Natividad;Nursey
161;196;24000;Kimberlyn;Meugens
341;196;59000;Emeline;Alcalde
524;196;43000;Joan;Seeler
563;196;70000;Keelia;Corday
905;196;62000;Jillane;Albon
290;197;16000;Marysa;O'Henecan
375;197;54000;Vivian;Filimore
495;197;78000;Marylee;Ellaway
937;197;10000;Irena;Pomroy
1;198;38000;Allegra;Nobes
248;198;48000;Liza;Eaken
620;198;77000;Godfree;Brookwood
18;199;100000;Carleton;Landes
554;199;36000;Kimberli;Wilfing
632;199;69000;Parrnell;Kinzett
834;199;46000;Gustie;Baldacco
40;200;55000;Caralie;Skelbeck
80;200;85000;Isa;Stollsteiner
259;200;10000;Kacie;Sharpless
